Date,Equal Weight,Custom Weight,SPY Benchmark
2020-01-03,-0.01272666058561944,-0.012070778151183693,-0.007572269275448074
2020-01-06,0.004915468661831568,0.005059840109024983,0.0038152826259312267
2020-01-07,-0.0005712896260683019,-0.0031068916950543375,-0.0028118190537904653
2020-01-08,0.011296825207978292,0.013181103655306003,0.005329521246660196
2020-01-09,0.014905531554809594,0.015690077724501927,0.006780698860548329
2020-01-10,0.0009941922935231922,0.0001231865150447488,-0.002877846790890315
2020-01-13,0.02158024841745639,0.019625810390590415,0.006877714826568626
2020-01-14,-0.013066228581485723,-0.011949045256345815,-0.0015248944610100068
2020-01-15,-0.0015747063676378272,-0.0005065510245384708,0.0022599060681489647
2020-01-16,0.014844065058994197,0.015076398522057577,0.008318305004448856
2020-01-17,0.006024525918514101,0.006948230920236665,0.0031125624599168678
2020-01-21,-0.005247632113020927,-0.0052220922702672645,-0.001958264043706359
2020-01-22,0.002505706366600857,0.0012564329790571095,0.00012086316511128459
2020-01-23,0.007322008170210336,0.006587364481729497,0.0011469498268308342
2020-01-24,-0.007456909231384201,-0.007065831110886368,-0.00889328711495263
2020-01-27,-0.02905645417015549,-0.02665949872769744,-0.016029356654636673
2020-01-28,0.026744386804775123,0.025623625356138692,0.010479157958183327
2020-01-29,0.008908455220916026,0.012650077383921744,-0.0008261154914782631
2020-01-30,0.009286173083398555,0.010923463286939007,0.00324538408409758
2020-01-31,-0.032419015148163886,-0.03127088880732314,-0.0181576998830022
2020-02-03,0.012709125804071795,0.011951910529966404,0.007428472658777219
2020-02-04,0.03140835995024838,0.03203111400043471,0.015241350302323209
2020-02-05,0.007207210581001599,0.005710933708956834,0.011547848601588973
2020-02-06,0.015449452377310768,0.015755787952292266,0.0033647878417431
2020-02-07,-0.007546346786923156,-0.006963161748551095,-0.005329538182208937
2020-02-10,0.025379442717557987,0.021408894892401168,0.007465352787151325
2020-02-11,-0.003299732360928399,-0.007701598655224328,0.001733016087219097
2020-02-12,0.01418985983856132,0.01355630210617136,0.006442928731429598
2020-02-13,-0.00633073260728545,-0.0063053595909024155,-0.0010670464137407798
2020-02-14,0.02645915321390905,0.017710086512340472,0.001602279327020728
2020-02-18,0.005076282931736083,0.0014122936755466494,-0.002577237797689369
2020-02-19,0.02620462055977346,0.019219078312022655,0.004781223813532964
2020-02-20,-0.01486524722806707,-0.01402516999208876,-0.004108249509883644
2020-02-21,-0.03388004773485113,-0.03117757607032099,-0.010298236917277603
2020-02-24,-0.05377098951178427,-0.05038570380388117,-0.03316566276158184
2020-02-25,-0.030489184467665353,-0.028368359430147972,-0.030301696123663624
2020-02-26,0.016576105543399645,0.015617370791075214,-0.0036783445629033906
2020-02-27,-0.06383085838616645,-0.06546389842891878,-0.044911646383472226
2020-02-28,0.03092955370766448,0.02328326979015687,-0.00420133266893441
2020-03-02,0.06106293893232843,0.06856566894114949,0.04330620301248955
2020-03-03,-0.03926915410636622,-0.03949720633707261,-0.028632145254831376
2020-03-04,0.05104278095178039,0.04724558387562414,0.04203262995899437
2020-03-05,-0.03232267029896089,-0.030900007281312748,-0.03324137399662486
2020-03-06,-0.02269235924114758,-0.021925063815315737,-0.01653140292441546
2020-03-09,-0.07476527722820547,-0.07423193554836842,-0.07809435578987012
2020-03-10,0.06804265108465546,0.06890670727627439,0.05174489376026559
2020-03-11,-0.04533076383601938,-0.04320494410701048,-0.04874858410985283
2020-03-12,-0.10532025574878515,-0.10191072998432626,-0.09567697871562297
2020-03-13,0.12512639647178903,0.1274712674151401,0.08548613926103776
2020-03-16,-0.15351941673004568,-0.14731913535226365,-0.10942371795832029
2020-03-17,0.07752314797043516,0.0717751884613036,0.05399211334450027
2020-03-18,-0.044361071853000866,-0.039931862983896546,-0.050632783985325
2020-03-19,0.01961179006135712,0.013525253723573006,0.0021247177662382377
2020-03-20,-0.04498179291293939,-0.047197848165172855,-0.043094152222823534
2020-03-23,0.0008370688459340038,-0.005741494520498547,-0.025568229551449884
2020-03-24,0.12092855940418837,0.11080137414355233,0.09060336556153836
2020-03-25,-0.009789655740672882,-0.008890170803593977,0.014970009674519336
2020-03-26,0.054161205653505164,0.055531625896472474,0.058390082043850544
2020-03-27,-0.03333171620016058,-0.03649163959644446,-0.029785958678819613
2020-03-30,0.04992088178968064,0.04972824169633885,0.03247559111542597
2020-03-31,-0.008420155446719813,-0.008605648384543297,-0.014905122248003888
2020-04-01,-0.05533632085205901,-0.05082694489184319,-0.045004796666907265
2020-04-02,0.029469824294008497,0.025160938353015673,0.023075340493499574
2020-04-03,-0.02294378153111398,-0.01848252374849113,-0.014454358459102257
2020-04-06,0.08733699871546965,0.08472318577640725,0.06716649046035084
2020-04-07,-0.019087734561885616,-0.015923174401259677,0.0010193483923945923
2020-04-08,0.02206711312165255,0.020365472424144083,0.03356865218464389
2020-04-09,-0.0025691084917705367,-8.612789761082167e-05,0.015217036424689745
2020-04-13,0.016036360633779667,0.013995491932132875,-0.00913017914056824
2020-04-14,0.050745951321112,0.050444858306762354,0.029493016279921846
2020-04-15,-0.010186122884251542,-0.010032776378163267,-0.021248322684483623
2020-04-16,0.029106248927036393,0.025057115902027242,0.004824745143979126
2020-04-17,-0.00427755565566242,-0.0035178973658059444,0.02701527553892391
2020-04-20,-0.01953531399308698,-0.019836769132545774,-0.0176181794958139
2020-04-21,-0.04445718554932495,-0.04112772062458352,-0.030362909793581028
2020-04-22,0.04150332282510857,0.03745565614746345,0.022194547717603985
2020-04-23,-0.007818760455721569,-0.007886824773614664,-7.203024029833749e-05
2020-04-24,0.022258641649478772,0.02278092982986002,0.013938855516846482
2020-04-27,0.007902192710967,0.004309823575658367,0.014418399656442649
2020-04-28,-0.019941614696246814,-0.020079093943799076,-0.004598330491915936
2020-04-29,0.03402929375575684,0.03596141679470919,0.026178511187527453
2020-04-30,0.003473968569830621,0.00831000979915486,-0.009310851463528724
2020-05-01,-0.024831302754418062,-0.0232968930431773,-0.026473230056275332
2020-05-04,0.02290090514622789,0.021462247364972112,0.0027581645035503755
2020-05-05,0.011385266213531345,0.011980119889680242,0.009239096753111298
2020-05-06,0.011317366366388063,0.0108233008886371,-0.006778720358653678
2020-05-07,0.013309146142169492,0.01121594384011031,0.012066966023316805
2020-05-08,0.018236965835292846,0.01687896662660666,0.016545944792086598
2020-05-11,0.01975785358025983,0.017232636626735687,0.00020543687260654586
2020-05-12,-0.022229261950130197,-0.02015350128680469,-0.01993147669441786
2020-05-13,-0.010026836297714909,-0.011455488827549699,-0.01768599812232996
2020-05-14,0.01422692245277594,0.01063275136830928,0.011967529959307166
2020-05-15,0.021989653755546696,0.014925001295538554,0.004596619350278219
2020-05-18,0.02122617408804491,0.019358879820695396,0.03045977238677655
2020-05-19,-0.00212892282474042,-0.003817585822714076,-0.010271272851424262
2020-05-20,0.017333389049515386,0.017063789892996884,0.016988420245521274
2020-05-21,-0.013725996194529744,-0.012128919068618816,-0.006903890424643677
2020-05-22,0.011825833261372615,0.008470419372713379,0.001898534076598457
2020-05-26,-0.017174252573773065,-0.013773529902953486,0.012320692199339733
2020-05-27,-0.0054675566770056765,-0.002144845421382935,0.014878947530668096
2020-05-28,-0.0021004395953829005,-0.0016231906743803927,-0.0018445401676830953
2020-05-29,0.018333368364465086,0.012844897315497006,0.004455686746259957
2020-06-01,0.0007345106776455537,0.0024418645784863415,0.004041853278593299
2020-06-02,0.0060545913661101585,0.006833998718712086,0.008279813220816834
2020-06-03,0.0005404459060928863,0.001911998239289692,0.013308489034249638
2020-06-04,-0.007220434051041002,-0.008687365110143964,-0.0026266545732800406
2020-06-05,0.02312946603576216,0.02425339704768654,0.025629436656530835
2020-06-08,-0.0002608949752962442,0.0022653751879305514,0.01208763742987018
2020-06-09,0.022197863726182078,0.021163287598185754,-0.0074569110537128225
2020-06-10,0.03275879446715635,0.03221908385335364,-0.005580046798518201
2020-06-11,-0.05420521594477179,-0.05286491617509461,-0.05764893471834487
2020-06-12,0.010671520218214676,0.00970799414365815,0.01197570711866991
2020-06-15,0.015255823309258934,0.01290528793486785,0.009335676351841071
2020-06-16,0.013178197724027915,0.01810845412546847,0.019247481572834513
2020-06-17,0.006846585657016383,0.004521809373873431,-0.004153716877867475
2020-06-18,0.003052722961884894,0.004052998249003247,0.00038478761443117016
2020-06-19,-0.002327675237678517,-0.0037315750742401128,-0.00571461513086613
2020-06-22,0.027535054421060856,0.027308544076051565,0.0064150797536526305
2020-06-23,0.006656501120392807,0.009599051838137695,0.004603971994023848
2020-06-24,-0.020169243277355066,-0.019663457832849906,-0.02550882841472324
2020-06-25,0.017822985421739546,0.015876242152312828,0.010720352923599297
2020-06-26,-0.028680813956834562,-0.02735689801302035,-0.02375136540053746
2020-06-29,0.012903177905180621,0.014500730327792378,0.014697503319633709
2020-06-30,0.022086838484270288,0.020031377517257722,0.01280952106771549
2020-07-01,0.002450561191718529,0.0022615984480508725,0.007004986121244228
2020-07-02,0.005417224910770605,0.004774535488565546,0.005506908340849881
2020-07-06,0.02396393274093452,0.024033583000159054,0.015437569929316552
2020-07-07,-0.0038090588126820832,-0.005231498268902035,-0.010314224235108416
2020-07-08,0.026718501033498633,0.025087691777488,0.007648815803842135
2020-07-09,0.013327074616909998,0.010256486254119235,-0.005693302453954718
2020-07-10,-0.0013714997598752718,-0.0010796782555681618,0.010210933193069538
2020-07-13,-0.025416279224068895,-0.022350086143828298,-0.008659231867242045
2020-07-14,0.01834539121555741,0.015553207986177365,0.01295884166044603
2020-07-15,-0.0030139153335180242,-0.0007304749918459085,0.00918734428725343
2020-07-16,-0.013717881504879442,-0.014652565499924221,-0.003293140693937935
2020-07-17,-0.00017786885789169038,-0.001530679364812526,0.002898869614398336
2020-07-20,0.03145633017715125,0.03168474070226673,0.008081569059824156
2020-07-21,-0.014870028554191986,-0.014376133987012053,0.002127549570106746
2020-07-22,0.009285033322063763,0.009007159778852893,0.005691974891482765
2020-07-23,-0.03953750183407874,-0.041524770175305606,-0.011931574341868534
2020-07-24,-0.000735727515692656,-0.002161300233480823,-0.006440616609852512
2020-07-27,0.01954497892751313,0.019000578239305812,0.007292959843073987
2020-07-28,-0.015057155475891516,-0.014115214848477154,-0.00634264796120021
2020-07-29,0.017912938596529093,0.016601008350402013,0.012298965175786325
2020-07-30,0.008501752622664505,0.00736423551925589,-0.003568141441383621
2020-07-31,0.036734497616730234,0.04406726135384402,0.007902530108736983
2020-08-03,0.03956609812426796,0.04002736045567517,0.006951724905051471
2020-08-04,0.0038077896611359296,0.0006185657698589703,0.0038626308805869147
2020-08-05,0.002412897211765334,0.0018444700759193912,0.0062112081866181335
2020-08-06,0.018407502354784645,0.02122514743964579,0.00668444568971438
2020-08-07,-0.01754037687011989,-0.018648890470557535,0.0007180158340134302
2020-08-10,-0.0028178395624870825,-0.0027652925186442364,0.0029887606751004547
2020-08-11,-0.02711278402979237,-0.026892731279216677,-0.008254616947714455
2020-08-12,0.03873411579297007,0.035600774636564615,0.0139423050114591
2020-08-13,0.005198518380140441,0.006190134249944812,-0.001807662615736061
2020-08-14,0.003547070875876394,0.002141632555206208,2.9613287846341763e-05
2020-08-17,0.023613431876384018,0.014967072709812746,0.0031766935175481237
2020-08-18,0.002635528283383463,0.004398749098123234,0.002160156368371746
2020-08-19,-0.00492758953683862,-0.003918975516739009,-0.004163529528502519
2020-08-20,0.0152221926930521,0.018225492909342035,0.0031135682494454198
2020-08-21,0.02964863088267259,0.026641671321184116,0.0035472769107549595
2020-08-24,0.006000929061010721,0.006621614002669851,0.010133222078218429
2020-08-25,0.002381515127771146,0.002390094638495155,0.003499472513442292
2020-08-26,0.012340846112338728,0.014448261677674525,0.01002547681394228
2020-08-27,0.00042235359993007403,0.002773301963427422,0.0021866906574965483
2020-08-28,0.016600326161648266,0.011692796637433833,0.0064593759129980555
2020-08-31,0.012130999405449594,0.011107914284101251,-0.003622740442547956
2020-09-01,0.027080451389417833,0.025757811364799467,0.009418783378133178
2020-09-02,0.012191871330602325,0.007025903462034177,0.014463864117363556
2020-09-03,-0.07826093934102807,-0.07535808945480833,-0.034414228460998286
2020-09-04,-0.014522932864178346,-0.011388594213255622,-0.008164991919535347
2020-09-08,-0.059199942083927384,-0.05979803798495773,-0.027322773337285278
2020-09-09,0.049930464187012705,0.04645225094594672,0.01974745990001514
2020-09-10,-0.030792843319255653,-0.030608561710235762,-0.017363816440908675
2020-09-11,-0.010537979837122569,-0.010253534339258708,0.0005091490006188248
2020-09-14,0.031648454702345154,0.026341870307267312,0.013171320512746831
2020-09-15,0.009064013332588697,0.00903176633027294,0.005052703062982111
2020-09-16,-0.028019550653588222,-0.026287617441235957,-0.003968963334092912
2020-09-17,-0.010158499551416825,-0.011375155793890411,-0.008795228906673946
2020-09-18,-0.022047869345337458,-0.022056601781011032,-0.011512972395922416
2020-09-21,0.022654538183636275,0.021803661778495978,-0.011129186708902172
2020-09-22,0.016478909002735225,0.01784932346497139,0.010184111889054881
2020-09-23,-0.03851541850004591,-0.038084133939376486,-0.02319080262211204
2020-09-24,0.013909155885021876,0.01299165160663538,0.0026653367603994838
2020-09-25,0.03429339444024985,0.03263655486870687,0.0161670345985927
2020-09-28,0.01472985560946564,0.01517069276615204,0.016609544426075873
2020-09-29,-0.0011143073027698087,-0.004263902185645697,-0.005446189948503988
2020-09-30,0.017643436528609037,0.016563692740967095,0.007581889701772093
2020-10-01,0.00826575460325755,0.008677272917192712,0.006419997267960387
2020-10-02,-0.034118301873151013,-0.032829279366320324,-0.009494383975564569
2020-10-05,0.03184473013066087,0.02932924908806003,0.017733137152039946
2020-10-06,-0.014342244828809672,-0.01858869798988936,-0.014216012236474063
2020-10-07,0.017522124603519984,0.01771420775233685,0.017406689622781135
2020-10-08,-0.002116986252588382,-0.0007465350517757319,0.008862360268854008
2020-10-09,0.012246800406566262,0.015794552461409598,0.008930251599330585
2020-10-12,0.04102737965890645,0.04250096723402326,0.016087646886528084
2020-10-13,-0.006122934602346955,-0.00766035357528252,-0.0065260424993029975
2020-10-14,-0.0063230720145378925,-0.0054400559835835255,-0.006283466493866241
2020-10-15,-0.006093247385136946,-0.005534711327049613,-0.001235800789330166
2020-10-16,-0.008448748055764677,-0.007869341674664243,-0.0006042751756311082
2020-10-19,-0.02434136076335073,-0.02466634078026997,-0.015203449853515849
2020-10-20,0.00871516666064472,0.008268930196422853,0.0040055070534754655
2020-10-21,-0.004532211856493698,-0.003668818133221308,-0.0018927304099615183
2020-10-22,-0.007090683948366834,-0.006087316036986934,0.005485276196628641
2020-10-23,0.005753404999092567,0.003472430568652696,0.0033952522211992964
2020-10-26,-0.020464475814825578,-0.01794967745300784,-0.01847997438003557
2020-10-27,0.01600151043550409,0.015313272997858719,-0.0034473754462025497
2020-10-28,-0.05111209067362613,-0.04984294465352415,-0.034178845898428234
2020-10-29,0.02618527049180382,0.025134260701884428,0.010163362928732989
2020-10-30,-0.034877189527686994,-0.03432804376867815,-0.010424898927302584
2020-11-02,0.0007373082265661098,0.00013874517800807062,0.011208613843492143
2020-11-03,0.023497178207049736,0.021221739514857996,0.017655730498089994
2020-11-04,0.0495309702131738,0.04753572845579047,0.022349313241929236
2020-11-05,0.031298370541258835,0.03225513149195045,0.019502823649383494
2020-11-06,0.009726568604372599,0.00599392171513582,-0.00022852929571226532
2020-11-09,-0.03591431773480994,-0.03030707626452689,0.01256548036150007
2020-11-10,-0.03331665744599014,-0.027350399829368734,-0.00146636465562211
2020-11-11,0.03578403590908722,0.032791987934977354,0.007428918767235393
2020-11-12,-0.0015272056181446412,-0.0024101709797533124,-0.009701516155713574
2020-11-13,-0.0021617461725173723,-0.00021985769057104556,0.013844753586243153
2020-11-16,0.009486370613740247,0.008100958570744955,0.012482456511458073
2020-11-17,-0.00906568606701219,-0.00950257113141586,-0.0053780213647922626
2020-11-18,-0.008030180834412388,-0.009733080449522325,-0.012034979898072673
2020-11-19,0.004124284238001966,0.004777832694765038,0.00420989694029994
2020-11-20,-0.015580517138889305,-0.013451165390202637,-0.006847562895482384
2020-11-23,-0.009026968823724446,-0.01163079306881274,0.0059945884754721845
2020-11-24,0.005190665122982126,0.009002746241508808,0.016113365019162273
2020-11-25,0.00963040879898358,0.007281068029248195,-0.0015416298676179663
2020-11-27,0.004395854500911215,0.004874570422172475,0.002785134035371728
2020-11-30,0.00876197276754594,0.008399174243184772,-0.004427210773714552
2020-12-01,0.013322145002226799,0.016158187836668295,0.010937290896420926
2020-12-02,0.003528912893971503,0.001926992105217318,0.0021038972281688384
2020-12-03,-0.005685273131462869,-0.00468799384785541,-0.0002727497448651306
2020-12-04,0.0023530320108878047,0.0004012548564935602,0.008617588922133157
2020-12-07,0.005173518179522162,0.0054928121381582875,-0.0020546235544657288
2020-12-08,-0.0019172285478579554,0.0014731756686350076,0.0029261066193448926
2020-12-09,-0.023932596345858276,-0.02243819785653649,-0.008968933738511153
2020-12-10,0.003051434585222982,0.003019855677994254,-0.0003268682753240215
2020-12-11,0.003147048231550394,0.00314432199078869,-0.0011728984848801138
2020-12-14,0.0073229805653027835,0.004246064714894616,-0.00447724182872733
2020-12-15,0.017883872520848294,0.020682959068892885,0.01351955827076523
2020-12-16,0.004890616787462571,0.007635117076287079,0.0015694458348733953
2020-12-17,0.005019513582851909,0.004532059960818025,0.005591896751868886
2020-12-18,-0.00827456117065776,-0.00889138335612243,-0.003992863546674719
2020-12-21,0.011744687300591675,0.01318569533774654,-0.003575587295821858
2020-12-22,0.010159567773490547,0.013001553829074197,-0.0016855665258245223
2020-12-23,-0.01342450329387738,-0.0120576695698287,0.0008989771617737841
2020-12-24,0.004782524832404636,0.005977342289137733,0.003890250723028954
2020-12-28,0.01282418339935376,0.016832022947131733,0.008590886390686725
2020-12-29,-0.004521018878189638,-0.0060957409371303235,-0.0019078374286547461
2020-12-30,-0.0013001324166585686,-0.004689259161045767,0.00142688882494868
2020-12-31,-0.0037560889555496115,-0.0031266153754015316,0.005080869198210047
2021-01-04,-0.013834802343968462,-0.017497954153588725,-0.013614196254063238
2021-01-05,0.01184622492665858,0.00977347270945943,0.006887459759505665
2021-01-06,-0.03951459169080325,-0.0356269534718183,0.005978355776470545
2021-01-07,0.040136712558782886,0.03659806078614683,0.0148577284735385
2021-01-08,0.0032282007086239513,0.0048818086539325735,0.005697604578613014
2021-01-11,-0.00232696615915584,-0.007985711690029974,-0.006740806689980783
2021-01-12,-0.00773521018335536,-0.007274389589845476,0.000211157664736783
2021-01-13,0.008757453570448215,0.009811874769946584,0.0026930151070372332
2021-01-14,-0.01832367964704947,-0.017088826055030728,-0.0035020052935075263
2021-01-15,-0.013760568951053265,-0.011349861628143089,-0.007292710667477054
2021-01-19,0.012046484371427264,0.011877829819774633,0.007851917818045617
2021-01-20,0.031832485788995404,0.03297070919251466,0.013838843702231207
2021-01-21,0.025668718536347036,0.023294516290568446,0.0009116115233587241
2021-01-22,0.0030841291450143245,0.005936397122409165,-0.003539456039151956
2021-01-25,0.01306927580484296,0.016547244280096154,0.003943970316099721
2021-01-26,-0.0006963442525405776,0.002357753469330871,-0.0015609251593843299
2021-01-27,-0.0145828921685253,-0.00979584477752733,-0.024440516239441545
2021-01-28,0.0004070030837351647,-0.0015746014352380213,0.008600004336387412
2021-01-29,-0.023761800292536973,-0.027575537113402417,-0.02001942220422004
2021-02-01,0.02290212882494328,0.023675712836477205,0.01664541133507158
2021-02-02,0.009969697125944865,0.00713244687192316,0.01414039551176316
2021-02-03,0.0016188091275736174,0.002329824910190515,0.0007859273184338544
2021-02-04,0.010522949496315418,0.01065051583339627,0.01136590941563087
2021-02-05,-0.00255795039688426,-0.001997364679905833,0.003936038564837707
2021-02-08,0.021529151110933082,0.01335979389545714,0.007221800303696568
2021-02-09,-0.004455711745365076,-0.002915849108655611,-0.0006658061935882476
2021-02-10,0.008889919735250957,0.0036428313624974787,-0.00043549205507020794
2021-02-11,0.012636096182195706,0.008573045199967445,0.0016149968227499034
2021-02-12,-0.005053780060701525,-0.0022680231673273933,0.0049396353710935426
2021-02-16,0.0010979692838365787,-0.003615134602794967,-0.0008658498570811579
2021-02-17,-0.013652739312816556,-0.010848496345087532,0.00022930053701730735
2021-02-18,-0.005160343225847797,-0.005159243276629244,-0.004255870888079216
2021-02-19,-0.0012529943118664657,-0.0028186066069366246,-0.001765864814481155
2021-02-22,-0.03161485703836682,-0.03029036152055298,-0.0076919362752884135
2021-02-23,-0.007096090550574992,-0.005537398764365165,0.001214339292002764
2021-02-24,0.008892963276806776,0.0056227667596087105,0.011019358281685543
2021-02-25,-0.04688852584293253,-0.03983060078605643,-0.02409554157440008
2021-02-26,0.01587334704175203,0.012931138736281822,-0.005152863646182948
2021-03-01,0.027584262604474368,0.031245415381902487,0.024240288132573395
2021-03-02,-0.021771119537976426,-0.019832780062335912,-0.007803239184516975
2021-03-03,-0.0321015585055769,-0.02954842307365711,-0.013245593949448242
2021-03-04,-0.01779723298234226,-0.014570182012745781,-0.012374904795333763
2021-03-05,0.0131979704722515,0.014362328486433464,0.01839648350712597
2021-03-08,-0.04317522996784258,-0.037875415027562136,-0.0049786245467017265
2021-03-09,0.0496947017150003,0.04356703500704282,0.014277205135561077
2021-03-10,-0.006379140591667923,-0.006824307548762399,0.006224847114342458
2021-03-11,0.026298309451050123,0.02313257560722133,0.010139166033030333
2021-03-12,-0.00800918289487699,-0.007494551485889289,0.0013467823377255606
2021-03-15,0.015515547189370647,0.013403163988081479,0.0059637943760764145
2021-03-16,0.010891509641795045,0.011553658140454105,-0.0012616327104210123
2021-03-17,-0.0018358352845096273,-0.0029553754906086914,0.0034098895430219045
2021-03-18,-0.03564860338100406,-0.03350260753780694,-0.014549423878819412
2021-03-19,0.0012013402270817746,-0.0004959037229690378,-0.0018506715274638763
2021-03-22,0.026442275202133603,0.02642939474493402,0.007985241866053094
2021-03-23,-0.002970100307924994,-0.0018123304588634206,-0.007870999321025307
2021-03-24,-0.02054755125809345,-0.01811188316728929,-0.005083381980987456
2021-03-25,-0.005869917300540465,-0.005339382234514245,0.005625607486653195
2021-03-26,0.01573730700871952,0.014034408158988399,0.016114961416526796
2021-03-29,0.001576984242190771,0.00019447339350402447,-0.0005051403365230467
2021-03-30,-0.010864561439814365,-0.011855791378777547,-0.0026529546027918016
2021-03-31,0.024230852704391438,0.02167315280162483,0.004053255999466154
2021-04-01,0.02319698962016477,0.020891653175493553,0.010799268532101669
2021-04-05,0.021343353670980315,0.023067116570209524,0.014353017638468968
2021-04-06,-0.0038012592220499908,-0.002759915916918998,-0.00059058783885646
2021-04-07,0.013988362189860066,0.012717192188667294,0.001157352138342782
2021-04-08,0.014968787516643912,0.015509125363040523,0.004746764562089112
2021-04-09,0.012104983645396212,0.013366558960646958,0.007270262114824844
2021-04-12,0.014394177901135877,0.00603685064511681,0.0003644558863884484
2021-04-13,0.02177457057994155,0.019942381660222754,0.002963766085466002
2021-04-14,-0.018247547934262347,-0.01676296116479448,-0.003415294964036808
2021-04-15,0.03010530575443404,0.024864341695142046,0.010742543293103868
2021-04-16,-0.003892306007970044,-0.0018853136502600344,0.003342446183481229
2021-04-19,-0.012404411837087514,-0.007963036618053799,-0.004913119127201382
2021-04-20,-0.009028695225431555,-0.008354255116489774,-0.007321645735543725
2021-04-21,0.008129292440395211,0.007260308899194401,0.00946220878709858
2021-04-22,-0.019330040542889372,-0.016552402874386352,-0.009133139841991933
2021-04-23,0.020486799311330163,0.01899501114028053,0.01084251178724771
2021-04-26,0.006148819229958801,0.004591239977807593,0.00208757616661992
2021-04-27,-0.0023539728221691663,-0.0015810852548507226,-0.00021540618617388319
2021-04-28,-0.013713239291232544,-0.015090618347209728,-0.0002874793560556643
2021-04-29,-0.0018866029569353238,-0.002892333683962445,0.006372748035784248
2021-04-30,-0.012337081357876143,-0.010690233801341799,-0.0065705628365977375
2021-05-03,-0.0015210220307753095,0.0004766649832351309,0.002156761231365101
2021-05-04,-0.028089266157838983,-0.027162605354821602,-0.006169268587176591
2021-05-05,0.001367214473376769,0.00014604695768323235,0.0003127546353185462
2021-05-06,0.01016334018767758,0.01130380713968675,0.007985750790112434
2021-05-07,0.012058510391859789,0.010486900294696256,0.007277969516545468
2021-05-10,-0.027871164649414155,-0.026066403127520493,-0.009902540672465765
2021-05-11,-0.0028048602882178027,-0.003933662780426639,-0.0089246173523575
2021-05-12,-0.030862977112685226,-0.02937804890307283,-0.02124535785953119
2021-05-13,0.009334587999349423,0.012557068251014481,0.012012679799508597
2021-05-14,0.027730328695496555,0.024820655598152188,0.015355405599407401
2021-05-17,-0.00888943580993277,-0.00957910870487826,-0.0025446329115974553
2021-05-18,-0.010127365397105643,-0.010038575570715037,-0.008615593718489412
2021-05-19,0.0015866319174578183,0.0011905177742001618,-0.002621963322573251
2021-05-20,0.024567799736565938,0.021707112482539384,0.010757970227453395
2021-05-21,0.0019572875933355767,-0.002842004215719208,-0.000818734384469777
2021-05-24,0.025856434767752047,0.02275314444889385,0.010194288810866814
2021-05-25,0.0014881672458349295,0.0013278174875560377,-0.002218491781959986
2021-05-26,0.0006771021799838461,0.00014474075699424382,0.001984453495558869
2021-05-27,-0.011516054453007999,-0.011118641638296078,0.0005248355316000985
2021-05-28,0.014993416262027732,0.00822321312125407,0.0017887706766304134
2021-06-01,-0.003516272582228234,-0.004465759021946259,-0.0008808948987489851
2021-06-02,0.01248635366121087,0.008666209128308245,0.0015727240872278614
2021-06-03,-0.002390105529667119,-0.005150749159577073,-0.0037113902137791976
2021-06-04,0.02518504028487012,0.0230503863566728,0.009145674631671374
2021-06-07,0.004813265533740137,0.005312303902701655,-0.0009701299958690957
2021-06-08,-0.0024694144472641546,-0.0011244055612381844,0.00021314701992225515
2021-06-09,0.0005621789633769209,0.0017603867996318857,-0.001491788761780466
2021-06-10,0.003405197624139526,0.0033171414076178965,0.004648468865117827
2021-06-11,0.011776555408760473,0.00953786906426184,0.0016522870673620904
2021-06-14,0.014396041609026225,0.01510421634378356,0.0022390987152860475
2021-06-15,-0.008367685725484556,-0.00748555578434702,-0.001834143650962683
2021-06-16,0.00045455890865575544,0.00030090822425901117,-0.005583696212105083
2021-06-17,0.024611370030552727,0.020022294099411034,-0.00033122828497089696
2021-06-18,-0.00557258037246359,-0.006488820975769949,-0.01349053516759624
2021-06-21,0.005030519460047104,0.008306115537109693,0.01431606571702071
2021-06-22,0.016199834908707134,0.01445266245254091,0.005346004977325736
2021-06-23,0.0020114336051846684,0.0006082006049255461,-0.0012052639893157524
2021-06-24,0.003654203235496293,0.002829200914711283,0.005915840779000092
2021-06-25,-0.005865551666018283,-0.005221452100257329,0.0035520106796895767
2021-06-28,0.02554541478402498,0.020628741781810202,0.002015943087322114
2021-06-29,0.007854282589582798,0.009007279197256102,0.0005380513192798642
2021-06-30,0.0005226829735055135,0.0008694117100454645,0.0008416845233569781
2021-07-01,0.005107014233514784,0.0040336353949272045,0.0055365633398085645
2021-07-02,0.018492316033921135,0.019469703946473647,0.007643559489438179
2021-07-06,0.008359561696338114,0.007966706473534436,-0.0018215627376139132
2021-07-07,0.0034481310856635887,0.007295016736806104,0.0035341533508350675
2021-07-08,-0.01372931954366907,-0.01187081437419273,-0.008147973175232415
2021-07-09,0.0074466961910224505,0.007453865264690763,0.010674796178747448
2021-07-12,0.005539992865296273,0.002037090386700635,0.0035818853585263266
2021-07-13,0.0027633168506750647,0.00587537296825802,-0.003409008648810219
2021-07-14,0.0031243699900299626,0.007783842082067128,0.0014923124321140069
2021-07-15,-0.01794767457455937,-0.012714835065577114,-0.00341557264003034
2021-07-16,-0.01917643464722692,-0.01452031605498212,-0.007843468601678838
2021-07-19,-0.0020552143335048245,-0.009280288180393547,-0.014767968901634565
2021-07-20,0.008460220090403517,0.011938739483986494,0.014330251482813416
2021-07-21,0.015063455258458683,0.009501006607630603,0.008096270507120584
2021-07-22,0.011984253452288558,0.012485183736062888,0.0020942978023548164
2021-07-23,0.007496289496900067,0.009363020282700484,0.010287866506603294
2021-07-26,-0.004248173306114674,-0.0023981442142892774,0.0024548017741072847
2021-07-27,-0.009347034649208571,-0.010324979688088853,-0.004557600734688916
2021-07-28,0.000681787208607528,-0.002253455335800636,-0.00040996317620312084
2021-07-29,0.00456108421570119,0.0038427324059482353,0.004147519888615614
2021-07-30,-0.004109838814842429,-0.003273793485457044,-0.004856491563494658
2021-08-02,0.003408500034745576,0.001515762144806665,-0.002097946514314941
2021-08-03,0.008003472487060348,0.008945943969537318,0.008135133473376133
2021-08-04,0.006085865336185122,0.0026701779913813617,-0.004918787018949766
2021-08-05,0.009719775084490918,0.008082779878241731,0.006332846183690233
2021-08-06,-0.006035542086432755,-0.004616305214027805,0.0016527053959500826
2021-08-09,-0.002577159519649023,-0.0023953722932166023,-0.0008137729222299495
2021-08-10,-0.00919950146731648,-0.0075015775440805624,0.0012438828701457627
2021-08-11,-0.002773989726771934,-0.0009511593328256574,0.002484970134996045
2021-08-12,0.013732581153654609,0.014387621473492906,0.0029968662804313873
2021-08-13,0.008705898284045851,0.0076035917033814735,0.0018199920070001152
2021-08-16,0.0025782414274859345,0.005451699240070229,0.002354661852632667
2021-08-17,-0.011991777532250853,-0.009457793665293335,-0.006555240580046862
2021-08-18,-0.01770072007639615,-0.016944449745283818,-0.010945013446050145
2021-08-19,0.02096959933203202,0.01720136385821296,0.0015482905311234862
2021-08-20,0.0290505804283158,0.02457681803437799,0.007957008547827105
2021-08-23,0.022023697715777425,0.015456090909737076,0.008796735210426787
2021-08-24,-0.00492623906296293,-0.004408606194449494,0.001587264737390237
2021-08-25,0.0029450218351617648,-0.0003204060585402233,0.0020984699173149934
2021-08-26,-0.00724102182891965,-0.007383696619786062,-0.0059031255477945965
2021-08-27,0.01167646272554849,0.008864066255483484,0.008940780054249808
2021-08-30,0.015208902339393685,0.017791186877959574,0.004397670172489043
2021-08-31,-0.00907962098900017,-0.008259280519338597,-0.001481661933569911
2021-09-01,0.0022717657292972517,0.00222573388800571,0.0005313292262094649
2021-09-02,0.0010720839732927996,0.001687573159497058,0.0030766473353875945
2021-09-03,0.008052165057045164,0.00567079832029247,-0.0002425899820064359
2021-09-07,0.001459124539128479,0.0033357184543222783,-0.0035754491255741705
2021-09-08,-0.008078728800266721,-0.006843938873146049,-0.0012183209432733433
2021-09-09,-0.007938915714585678,-0.008076317583537728,-0.004280295369273546
2021-09-10,-0.008236675580418665,-0.012598543946320496,-0.007884540813640206
2021-09-13,-0.002093784327810673,0.0003880931799277397,0.002559295401360906
2021-09-14,0.0013097046685261642,0.0007590703821819921,-0.005396597925707125
2021-09-15,0.009124389829289573,0.010059089745771877,0.008352776759426472
2021-09-16,-0.0015766362752039167,-0.0010057300090052345,-0.0015851405196487534
2021-09-17,-0.017084157981665887,-0.017425708593666878,-0.00974120377462706
2021-09-20,-0.025290640563890444,-0.023161534664976995,-0.01667434028511061
2021-09-21,0.003808808872917568,0.003310686848950173,-0.0009444725857364888
2021-09-22,0.020802375378272526,0.01842040893378707,0.009754790439611805
2021-09-23,0.011552690566445959,0.00893183853272981,0.012150063049827686
2021-09-24,-0.005974924545505078,-0.003602640690397885,0.0016470694509267414
2021-09-27,-0.01563999385949425,-0.014954746104460905,-0.0028608964528373804
2021-09-28,-0.03479076535005177,-0.0328753941558428,-0.020151748790581125
2021-09-29,-0.00020572875773520552,0.0015116596733029566,0.0016831442807125896
2021-09-30,-0.002312042983209269,-0.004714343544019251,-0.01222242832754128
2021-10-01,0.011616746380133474,0.01368911700569555,0.011884318303203356
2021-10-04,-0.031339542099823106,-0.027868786058448447,-0.012895948561615245
2021-10-05,0.023517820137204604,0.020933767825076055,0.010404660619750983
2021-10-06,0.011182296755940216,0.010983679475760733,0.00415620694806873
2021-10-07,0.011045608144732542,0.009631501040482516,0.008645695760987504
2021-10-08,-0.004766409490481793,-0.0034041298704942102,-0.0018237895765306211
2021-10-11,-0.003087157000674634,-0.002398840574943084,-0.007239728795053968
2021-10-12,-0.004950276435288484,-0.005708387005894067,-0.002461540627175851
2021-10-13,0.006812165266751509,0.005581566444089514,0.0035977260263813093
2021-10-14,0.026833349821951364,0.0244919403449519,0.016820596188044545
2021-10-15,0.005889759161944304,0.0060008033299547405,0.007615803947993438
2021-10-18,0.012799278887817437,0.01206575380491195,0.002960518223545927
2021-10-19,0.007066494049170627,0.007867786108071683,0.0077147589480817125
2021-10-20,-0.0025630140310217335,-0.0013977026067112375,0.003927844890609267
2021-10-21,0.013006573902597074,0.010278268458620943,0.002608150324078018
2021-10-22,-0.002978554933934248,-0.003873906018658158,-0.0010361547693759077
2021-10-25,0.005231045499816085,0.0024050222843651436,0.005362706370241277
2021-10-26,0.025984003821589864,0.01779055146605124,0.0009000197194126702
2021-10-27,0.009401683540746145,0.013434301931638727,-0.0044300942604078575
2021-10-28,0.016227686373143646,0.015465266806989099,0.009648957015238269
2021-10-29,0.009785759532381663,0.006723058736320154,0.0020289786527243336
2021-11-01,-0.0007407917885810706,-0.002922852612357829,0.0017202644358200736
2021-11-02,0.013585532944878706,0.011857706732056751,0.004043139556906716
2021-11-03,0.006623785924740222,0.006456173371305641,0.006105009632553671
2021-11-04,0.04140981499042277,0.025607260346946825,0.0047125321094916295
2021-11-05,0.000269613352119206,0.0006523959642569912,0.0034698267073347555
2021-11-08,0.010857996740662937,0.005957746744704329,0.0008536201852831216
2021-11-09,-0.0017996119720232,-0.001205090902200623,-0.0033054428997111307
2021-11-10,-0.024523317629836873,-0.02161249153277769,-0.008044735360999478
2021-11-11,0.012064122743847975,0.008156343242256137,0.00032342750313185675
2021-11-12,0.00908064151415866,0.010896769816990393,0.007546821820501037
2021-11-15,-0.004624763269074683,-0.003147636455551628,0.00034249423569043813
2021-11-16,0.007610194278288536,0.007946592596473723,0.003957911237255196
2021-11-17,-0.0046733955867434744,0.000629708244280747,-0.0024290820132659707
2021-11-18,0.03912489872373063,0.03045008659737345,0.003396327975014657
2021-11-19,0.021241804327596665,0.017218651837759415,-0.0017883830765053066
2021-11-22,-0.012609251261854266,-0.008891896563591994,-0.002815033866272132
2021-11-23,-0.003492093459654918,-0.002876244641612447,0.0013257999089077988
2021-11-24,0.011065543789975003,0.007432255862045701,0.0026699872288031834
2021-11-26,-0.030624208853551507,-0.029581271678403787,-0.02230308005480086
2021-11-29,0.03413628088189028,0.029072705849597202,0.01226640683504665
2021-11-30,-0.0024459120952256743,0.001259456974406592,-0.019457681415153028
2021-12-01,-0.014203419335509726,-0.009471857106809667,-0.011107144293709403
2021-12-02,0.004688172968474827,0.001229398777289381,0.015316514372593515
2021-12-03,-0.02533233818313796,-0.021477656647115453,-0.008701361533025587
2021-12-06,0.003324871820795253,0.008264438728760771,0.011843294495748058
2021-12-07,0.0472594674567471,0.04079769561372744,0.02068479585105143
2021-12-08,0.001466204764116704,0.005466189301733216,0.002647927225615687
2021-12-09,-0.016843600254210944,-0.011816644196384597,-0.006751480374060592
2021-12-10,0.015591996679538365,0.02062579110498306,0.009413475525822168
2021-12-13,-0.03243187142575228,-0.025427326890052917,-0.008858567353065894
2021-12-14,-0.011453505041026935,-0.014994160271887491,-0.006879694430509953
2021-12-15,0.04087041809875713,0.03406765133745089,0.01562496597610652
2021-12-16,-0.04547484625721161,-0.040964648449123314,-0.008818597942105821
2021-12-17,-0.010176889136098858,-0.008083632827633446,-0.010642822278997932
2021-12-20,-0.0076949246587388505,-0.00864400588274168,-0.010633533468794476
2021-12-21,0.030358475467455882,0.02664623571134115,0.01775903267474388
2021-12-22,0.014851226348761829,0.015585900711510493,0.009998611060816787
2021-12-23,0.00542633694702399,0.004878975554309628,0.006222193681286514
2021-12-27,0.030063005068129423,0.02726992674251241,0.014152120564397741
2021-12-28,-0.009801327759585938,-0.007735116836731804,-0.0008171990047093347
2021-12-29,-0.0026776933743849485,-0.0010959254731287562,0.0012791377576342189
2021-12-30,-0.009367488484453642,-0.008474415620267961,-0.00276435841561562
2021-12-31,-0.006097029789209081,-0.006133462618429087,-0.002520198918546601
2022-01-03,0.014825462975551873,0.012962445996147444,0.005789885744897916
2022-01-04,-0.01914243928203045,-0.017453210782818387,-0.00033505848281178974
2022-01-05,-0.04085019473758681,-0.03750773211485059,-0.01920192406367982
2022-01-06,-0.0012670147263302842,-0.00567924133311455,-0.0009394014075509993
2022-01-07,-0.010513849494524755,-0.006008612881248099,-0.003953548576698274
2022-01-10,0.002154624743021305,0.001462454270648772,-0.0012444239085543929
2022-01-11,0.011420613113151271,0.010660948517511893,0.009108231234683073
2022-01-12,0.0065192702025333995,0.006514557035469349,0.0027035874092380396
2022-01-13,-0.03740312617321362,-0.03471194614599902,-0.013778682549692167
2022-01-14,0.01221249318310987,0.011893008229174785,0.00040893969972222166
2022-01-18,-0.02726580949718667,-0.025006159636168368,-0.017709475161746813
2022-01-19,-0.017017568763521857,-0.013966180868869228,-0.010383447643954491
2022-01-20,-0.017544155561533548,-0.013736564545624864,-0.01106812611436192
2022-01-21,-0.021121803658826616,-0.01891969767407982,-0.019630595228925185
2022-01-24,-0.0012671387528267648,-0.0015034743263783847,0.004246725203696178
2022-01-25,-0.027604413990145016,-0.024157244126015946,-0.012208981470912095
2022-01-26,0.01599928492756486,0.01518547779209194,-0.002508884263156319
2022-01-27,-0.009584905675450634,-0.00422973731125127,-0.004937887984931555
2022-01-28,0.04623036126498991,0.047310114303001694,0.024835273865659424
2022-01-31,0.035671856828217274,0.028392958827314897,0.01801130731946321
2022-02-01,-0.0006343735977984616,-0.0020028084419033035,0.006756733376375612
2022-02-02,0.015593722967837712,0.013809483270907254,0.009714027647385715
2022-02-03,-0.03564524463650446,-0.032521542756730894,-0.023504877054734474
2022-02-04,0.0097936686884319,0.008653995405214276,0.004702174095550182
2022-02-07,-0.0012423548223181597,-0.004854442602474051,-0.003209189310508953
2022-02-08,0.015276371488101459,0.015258253948806111,0.008227738224783954
2022-02-09,0.0312445597868356,0.02477241214260344,0.01463613427451338
2022-02-10,-0.02832067465257152,-0.02738679559471096,-0.017965759993875285
2022-02-11,-0.039033016883530336,-0.03231824724523074,-0.01971855528540223
2022-02-14,0.004855148731091015,0.003170543746206267,-0.0032692995482640486
2022-02-15,0.04450231428779731,0.03504039127703038,0.0161269148273393
2022-02-16,-0.0006507800095774118,-0.0009017252157717871,0.0011207507714203757
2022-02-17,-0.04204740079952114,-0.03533864776795739,-0.021361496073811326
2022-02-18,-0.018094317204491096,-0.014653941391732463,-0.006474960500388538
2022-02-22,-0.009733528628762422,-0.009548459172523005,-0.010731692305669838
2022-02-23,-0.031546268247026,-0.029279172051472593,-0.01773850886834838
2022-02-24,0.04285601395161587,0.039268318883932146,0.01504891011085685
2022-02-25,0.013140251325549263,0.012323841685746118,0.022063919499354823
2022-02-28,0.005351380506425806,0.004533992442812096,-0.002558250810826501
2022-03-01,-0.020571809505492866,-0.017238975160932226,-0.015230281185964145
2022-03-02,0.02339246243689382,0.021706216755476904,0.018395944652101592
2022-03-03,-0.012365772468389435,-0.010660598625144593,-0.00497820945484273
2022-03-04,-0.02389810466185038,-0.02211623058678858,-0.00812471322395969
2022-03-07,-0.04351872295595686,-0.038410089354224346,-0.029479202580594444
2022-03-08,-0.005020068685813135,-0.007541529489369613,-0.0075816503415087055
2022-03-09,0.05019248206585606,0.046286643600156906,0.026810612197319728
2022-03-10,-0.017580429069486276,-0.018002769522821184,-0.0045154322165738
2022-03-11,-0.022621520446653182,-0.0222204134074939,-0.012714950700980276
2022-03-14,-0.024788318936623734,-0.022777656916425727,-0.007308277770764482
2022-03-15,0.04848245893832799,0.042773378670309815,0.02199034437453773
2022-03-16,0.04017461557447177,0.03495054216804379,0.022174267429444727
2022-03-17,0.00676534481069524,0.005913956735786563,0.012510932687109566
2022-03-18,0.03556132375927438,0.02905011494836405,0.010952572701934171
2022-03-21,0.004977678895352425,0.0038486771168246394,-0.0002923327286165067
2022-03-22,0.009774910913698493,0.0133008912427119,0.011701239535989894
2022-03-23,-0.013450227611756922,-0.009429357674546557,-0.012878109457745479
2022-03-24,0.045407152639109175,0.034858443127983474,0.01507427489667612
2022-03-25,-0.004638968805483201,-0.0023127995659574688,0.004883412904084228
2022-03-28,0.015727909249868034,0.01506734591266521,0.007113209162990408
2022-03-29,0.016593328774477573,0.016814793861531507,0.012370727068772958
2022-03-30,-0.015091457654700323,-0.01136772264022603,-0.0061746159332985995
2022-03-31,-0.0166828368718472,-0.017101359877455848,-0.015391362816992049
2022-04-01,-0.006384797321695316,-0.003454508712333704,0.002834143337436368
2022-04-04,0.021962952726486552,0.02150381236871093,0.008566637373526031
2022-04-05,-0.028052321751514543,-0.023216843802175525,-0.012631522321545519
2022-04-06,-0.03794248545924428,-0.03377675960210935,-0.009999301760781565
2022-04-07,-3.5244029231570096e-05,0.0015883793912140564,0.005039069826044962
2022-04-08,-0.0238314740528505,-0.019600721886270333,-0.002674091729235606
2022-04-11,-0.038979620578083574,-0.036377181512931435,-0.017092239446961477
2022-04-12,-0.006179555716086674,-0.003646647771313916,-0.003705267038602078
2022-04-13,0.02285333538298273,0.02092285755726584,0.011453629318717962
2022-04-14,-0.033211326534155185,-0.03134121161006596,-0.012451960568937381
2022-04-18,0.008610461105781822,0.005393220039380742,0.00041130325450255967
2022-04-19,0.016735482833418004,0.016272238083921177,0.01614260781308441
2022-04-20,-0.009851791290154047,-0.005371097656130486,-0.0007414933149357816
2022-04-21,-0.028231364671828258,-0.021783774099099595,-0.014953565931433266
2022-04-22,-0.02835426102984806,-0.027405717182083223,-0.027439209816182752
2022-04-25,0.01699382465036566,0.016426428622461933,0.0057979793855524875
2022-04-26,-0.04356872550836999,-0.0410875911430445,-0.028961167999357773
2022-04-27,0.008929673198081502,0.01468621197533222,0.00281193699775395
2022-04-28,0.0473404087382235,0.041961905227903266,0.025259328527641234
2022-04-29,-0.04694919653454691,-0.04385296641622958,-0.03695567229955188
2022-05-02,0.02672403781577907,0.021436394565892015,0.006019496853815864
2022-05-03,0.0012330915001658909,0.0007732345343257397,0.0045839901402320304
2022-05-04,0.03581725144580668,0.03551208374989337,0.030452972089402452
2022-05-05,-0.05751548493315987,-0.05436337422552509,-0.03554279651150083
2022-05-06,-0.0045627296450340875,-0.0036815546024919544,-0.005968867127912336
2022-05-09,-0.05416812488466093,-0.046527900438524464,-0.03201712015155034
2022-05-10,0.024253579583321118,0.02149377353362496,0.0023104408425393963
2022-05-11,-0.0466319795252433,-0.04498940291741571,-0.01588610858718531
2022-05-12,-0.02473745341905557,-0.024212866956982774,-0.0010442167851344442
2022-05-13,0.04972165066023781,0.040735539949011204,0.023907925182494294
2022-05-16,-0.011393305441911675,-0.008679391397808956,-0.004057524904978682
2022-05-17,0.03288369094911103,0.028883526199849466,0.020570456664833037
2022-05-18,-0.05670386441148715,-0.054412015136084894,-0.0403116044030114
2022-05-19,-0.005786690916608069,-0.009140228235387316,-0.006124738280645636
2022-05-20,-0.008551477175752664,-0.0052396514507136345,0.0004365243529198537
2022-05-23,0.028123727466175714,0.03130448381338496,0.01871032550358276
2022-05-24,-0.02239903540807442,-0.01807302568287623,-0.007633836520941295
2022-05-25,0.02104457650034678,0.015088779453414693,0.008834722249584592
2022-05-26,0.029226655787426854,0.024750972437867214,0.01998147079208712
2022-05-27,0.04071319873284011,0.038100136709182046,0.02454920698689489
2022-05-31,-0.005916399550768577,-0.0056219002525872645,-0.005611034169588636
2022-06-01,-0.0059008080157824105,-0.0033105488458164745,-0.008088623120589222
2022-06-02,0.031390826376461956,0.023782538163260817,0.019043594571526823
2022-06-03,-0.03322364022204738,-0.030966737439663987,-0.016411542894653852
2022-06-06,0.0013499528202985944,0.00091479282783693,0.0030448668346261254
2022-06-07,0.012997351241375688,0.014106321914755738,0.009592275864321653
2022-06-08,-0.009064437321212426,-0.007981228996789014,-0.010872276282665294
2022-06-09,-0.029638010371525948,-0.029130665464568353,-0.023782805313167676
2022-06-10,-0.04756679115813141,-0.04517850215119996,-0.02899562770097297
2022-06-13,-0.05295865731906475,-0.047914700657619054,-0.03796829125560475
2022-06-14,0.009318816590759763,0.008766808145131222,-0.0030133820408673184
2022-06-15,0.031160596769463624,0.0286657277739268,0.014256442303858696
2022-06-16,-0.04088374132814854,-0.0378545750376992,-0.0330959776872618
2022-06-17,0.01345230219146017,0.012566053608095108,0.0021557916153940315
2022-06-21,0.03351701637726845,0.0315806176812056,0.0251734140363733
2022-06-22,-0.006222173831265739,-0.004979571417230911,-0.0018128434810509297
2022-06-23,0.01198601550106452,0.01603356368969335,0.009802490066717295
2022-06-24,0.03806614795147811,0.03457317165267031,0.03179387349826457
2022-06-27,-0.008500951929182135,-0.007199945320660462,-0.0038196869409969914
2022-06-28,-0.03804020017311793,-0.0351318966783655,-0.020432874236847143
2022-06-29,7.708290691847228e-05,0.005598668877921398,-0.0008143930631878682
2022-06-30,-0.01861662192007496,-0.017411338479664296,-0.008124328121958069
2022-07-01,-0.005027752900952438,0.002357738900341655,0.010576535767439887
2022-07-05,0.020631089081375675,0.01868419196234954,0.0018886399132569398
2022-07-06,0.01116111320429051,0.011174661236825844,0.003377213166984472
2022-07-07,0.0267807631832598,0.02251368831005194,0.014977124209360593
2022-07-08,0.0002321293166997658,0.0005307641645701856,-0.0008225064514366665
2022-07-11,-0.023280094095268395,-0.019273399101230892,-0.011423597254022755
2022-07-12,-0.012922477044009357,-0.014582978145047365,-0.008848797488405502
2022-07-13,-0.00028153139097830676,-0.0014252370832063654,-0.005251784980473184
2022-07-14,0.013193651751696473,0.013089016948481903,-0.0024284870642866663
2022-07-15,0.01573702514965092,0.013810287861318037,0.019105124956755315
2022-07-18,-0.0029190652767393894,-0.007804385616109233,-0.008257092784771936
2022-07-19,0.03427568412242891,0.030063193709661463,0.027019174457522777
2022-07-20,0.02401036059536839,0.01921974524507286,0.006373199438202581
2022-07-21,0.01284649690607457,0.012686494590978993,0.010183235110745592
2022-07-22,-0.02184163794222867,-0.01811023084247565,-0.009277803965663023
2022-07-25,-0.01010267287301895,-0.008716582779096926,0.001214710587685408
2022-07-26,-0.02148084938401092,-0.02000868621003962,-0.011831155063015575
2022-07-27,0.05903884935923531,0.05564067887160298,0.025966518243028425
2022-07-28,0.01433915312520928,0.015025967649315988,0.012542313993432641
2022-07-29,0.01947050234083562,0.021373938858721252,0.014578878642935722
2022-08-01,-0.0001908129973617152,-0.003290090054284756,-0.002961242072845982
2022-08-02,-0.005384212807770053,-0.007382912325816671,-0.006597408908151858
2022-08-03,0.02863155815781478,0.03039584887831031,0.015659503414734655
2022-08-04,0.006431546188545245,0.004309192352573721,-0.000675501106700116
2022-08-05,-0.005253313152967953,-0.003951627626000676,-0.0016902052203275897
2022-08-08,-0.025013966902706405,-0.017419999963590626,-0.0011611025054493185
2022-08-09,-0.010789216660922363,-0.005000121707243666,-0.003970984219430318
2022-08-10,0.036555370343575845,0.032032140782778426,0.021004038940249048
2022-08-11,-0.006799196751353208,-0.006445974501012631,0.0
2022-08-12,0.027070742826441542,0.02393508769841386,0.016928922151993486
2022-08-15,0.009647347930595998,0.008123916925440433,0.004120883159028699
2022-08-16,-0.003851019665263577,-0.003013344534651541,0.0019586367389836656
2022-08-17,-0.007555586305408646,-0.0033037059372617475,-0.007098026079240816
2022-08-18,0.005883434330219649,0.002282297229427899,0.002906502716913728
2022-08-19,-0.026058650585475185,-0.021426435422127455,-0.013438020728664068
2022-08-22,-0.03268201768663211,-0.03008623041907188,-0.020822560978771887
2022-08-23,0.0006283703976280491,-0.000971893868203777,-0.0024191468698646634
2022-08-24,0.0006096464492995798,0.0002542663055853822,0.003201158135150761
2022-08-25,0.022047135095821492,0.01843187610420647,0.014117478954684959
2022-08-26,-0.05618860857762105,-0.04897041734473304,-0.03384884904550656
2022-08-29,-0.017529121600207698,-0.015389141655924221,-0.006612411956434139
2022-08-30,-0.014966900398126943,-0.013745394220828811,-0.01097778320439391
2022-08-31,-0.013506034323259326,-0.011371447495753117,-0.00760912308933126
2022-09-01,-0.025346176118313246,-0.015084799181899755,0.003137797762270189
2022-09-02,-0.017028453749506827,-0.016272562103143942,-0.010544313346625644
2022-09-06,-0.010841895427014598,-0.01034302818021058,-0.0037731261979798703
2022-09-07,0.015720228128422997,0.015105264334638014,0.017964647098374975
2022-09-08,0.004057906650559754,0.0008443970406537549,0.006536626930864209
2022-09-09,0.023397815029543596,0.0224019027910237,0.015534996862428985
2022-09-12,0.018330376794682152,0.02035609663006608,0.010747871008445209
2022-09-13,-0.06946126135512982,-0.06440834149582514,-0.043482525143137885
2022-09-14,0.003413228914685059,0.0041415979299458845,0.003815812362144344
2022-09-15,-0.020402528151939325,-0.021451370922917202,-0.011353256256345423
2022-09-16,0.0024125687583305497,-0.0012661260744823988,-0.00762901746629574
2022-09-19,0.012708533213236579,0.012461953325034747,0.007754942003212362
2022-09-20,-0.00273128933788643,-0.0001987796041013511,-0.011478410263984995
2022-09-21,-0.009417466136449634,-0.01259118963056598,-0.01744379450404354
2022-09-22,-0.01688882690351697,-0.009709284445229227,-0.008399783083411716
2022-09-23,-0.010468156556204292,-0.011845288338081317,-0.016754923980131564
2022-09-26,-0.007575260902863682,-0.004488223029791039,-0.009892734383536883
2022-09-27,0.005772049828550396,0.0039005857873577465,-0.0025524382068721208
2022-09-28,0.011026924121869081,0.008028130230263298,0.019676150290109717
2022-09-29,-0.034814271942468146,-0.03367416428730457,-0.020889084950364567
2022-09-30,-0.01867883245320027,-0.021088882930686427,-0.015463282481350982
2022-10-03,0.031714186950452396,0.03191155774661669,0.02640094419311012
2022-10-04,0.03726158295584018,0.03424400144389366,0.030986768382544883
2022-10-05,0.002176341863416124,0.001973641605359067,-0.002328368499773359
2022-10-06,-0.007425793384876182,-0.007714822477841233,-0.010315733338412292
2022-10-07,-0.055948503634071924,-0.05108339346234539,-0.02789392202918617
2022-10-10,-0.017522729753603916,-0.014303153879967745,-0.00763539784404188
2022-10-11,-0.011400951384291869,-0.012241595866848988,-0.006332719636266693
2022-10-12,-0.0035064564452035687,-0.0027231743848741053,-0.0032985709508683847
2022-10-13,0.03707359838879835,0.03648830942065016,0.02639101391946852
2022-10-14,-0.03925880246937996,-0.034853006687119284,-0.02278880868402744
2022-10-17,0.04241486380249222,0.0391226195171575,0.02569712768172061
2022-10-18,0.006712815991366823,0.006726319289782889,0.011749661626352381
2022-10-19,-0.00022844655457613736,-0.0016779705306096736,-0.007086542066732426
2022-10-20,0.0024013518019395663,0.0005083217954218178,-0.008385428122763883
2022-10-21,0.02488188987377053,0.025397082245635173,0.024301519631383606
2022-10-24,0.015553100098501414,0.016529913464558278,0.012236356895513056
2022-10-25,0.02855781673493037,0.023760597038700395,0.01596849511449161
2022-10-26,-0.04143599535499427,-0.044218302491215083,-0.007533772867972299
2022-10-27,-0.009503051617992067,-0.015746117470553187,-0.005340152623269034
2022-10-28,0.05523729692860487,0.056296917934354346,0.023790668979456253
2022-10-31,-0.01854212765845124,-0.017378519152039428,-0.007223186659951142
2022-11-01,-0.010398068474885261,-0.013159297414107795,-0.0043759047459098754
2022-11-02,-0.03219909089531532,-0.033854145027898984,-0.025095976343804338
2022-11-03,-0.017900952595673033,-0.024537354660208035,-0.010297106662875977
2022-11-04,0.028714518810179498,0.02350445200188509,0.014393200636463765
2022-11-07,0.014471526989086565,0.015317225864949968,0.009565780705480531
2022-11-08,0.009870378239131023,0.007634918656714263,0.005395236175651297
2022-11-09,-0.0362692228078938,-0.03220950406634304,-0.020602131707665894
2022-11-10,0.10484515948287765,0.09715561971383525,0.05495406275875747
2022-11-11,0.024300252802560204,0.02183331419580066,0.009678723566897807
2022-11-14,-0.011315232945897535,-0.013186284699215501,-0.008506866446710393
2022-11-15,0.012125331203046558,0.00999685275212725,0.008529056462731832
2022-11-16,-0.017289711577369544,-0.011675287115738531,-0.007628750348996016
2022-11-17,-0.0006268546001465163,0.002176759673555551,-0.003059747864711415
2022-11-18,-0.005072198030771154,-0.0026676113417659856,0.0045403538300961
2022-11-21,-0.008070065203261884,-0.008489976977599834,-0.003636073358136205
2022-11-22,0.024681468734769764,0.020203413574008122,0.01345686971362503
2022-11-23,0.015441567444164953,0.012531615488122228,0.006301630645245915
2022-11-25,-0.01167702560493944,-0.010997672934758795,-0.0002237257135500048
2022-11-28,-0.025548087083593497,-0.025212153080733525,-0.0159569343196575
2022-11-29,-0.0129805575449079,-0.013200992950151003,-0.0017176001087784165
2022-11-30,0.06419897677065123,0.06056291160813832,0.03150070812992212
2022-12-01,0.004218345877050019,0.0025565634213195578,-0.0007358944904883868
2022-12-02,-0.005730330711557522,-0.0038533564033079505,-0.001153648091368753
2022-12-05,-0.014215200999676842,-0.013905867483725931,-0.017989424576532742
2022-12-06,-0.02772711457484537,-0.02577099360469286,-0.014414798837213083
2022-12-07,-0.002841724566668979,-0.005073904498355164,-0.0017009455541111551
2022-12-08,0.029868748718725097,0.02282760326297253,0.007833701331930731
2022-12-09,-0.007074335245581357,-0.006532188895106939,-0.007470181660408248
2022-12-12,0.025562949890693815,0.02439353532132245,0.014417396358964218
2022-12-13,0.018290554339551957,0.0158238040932019,0.007569803692222266
2022-12-14,-0.012130334081644432,-0.010151838771660704,-0.006393450324713612
2022-12-15,-0.03987454121799816,-0.039679206853204696,-0.024461876291152485
2022-12-16,-0.018134251234719567,-0.017266097859661555,-0.01180619930177107
2022-12-19,-0.01745580720257293,-0.017121026735895974,-0.008479516190922798
2022-12-20,-0.001770579459824062,-4.518939586921616e-05,0.0013684529846451632
2022-12-21,0.020182948965572635,0.0190470003855312,0.014952483274162764
2022-12-22,-0.039907095387332205,-0.03380449756832493,-0.014266388385987816
2022-12-23,-0.0030672973548036366,-0.0019466327534553242,0.005752293586441581
2022-12-27,-0.03088193436485716,-0.022787635001390007,-0.003943346176367046
2022-12-28,-0.01565322319874185,-0.01757997846846704,-0.012427830192429101
2022-12-29,0.03211672251776654,0.030460862288222534,0.018000100155902476
2022-12-30,-0.0005717900007222351,-0.0008368443496873826,-0.0026338370526928223
2023-01-03,-0.019621760073898188,-0.01945410845595723,-0.004210012227946591
2023-01-04,-0.0010370555847237038,-0.007308049430645225,0.007720201791125092
2023-01-05,-0.024352753634759524,-0.022660142551452187,-0.011413450316569484
2023-01-06,0.030073294144989045,0.027759867067962407,0.022932199798045172
2023-01-09,0.02185941510539783,0.01588068491099288,-0.0005669681121146519
2023-01-10,0.010018016622991361,0.00842551763733157,0.007012701892282314
2023-01-11,0.019044424290326194,0.021696732413661525,0.012648084916318636
2023-01-12,0.014298416859567564,0.01078351175697243,0.003640662121669136
2023-01-13,0.012212443276179577,0.009954981970050137,0.003879513184290584
2023-01-17,0.02031864979175002,0.01487885718904698,-0.0018318270336247222
2023-01-18,-0.014206197665791674,-0.013375532477206133,-0.015788063618273007
2023-01-19,-0.017076557770265288,-0.013448030002311673,-0.007279808932733833
2023-01-20,0.03967566487976537,0.03479834203943147,0.018629115969831522
2023-01-23,0.03640857146511885,0.028510066301280102,0.011998575276008117
2023-01-24,0.0038627103524762063,0.003884979847839354,-0.0010734002122582131
2023-01-25,-0.002532664234558224,-0.0036413195627201583,0.00037482574590330664
2023-01-26,0.023435280095346494,0.02316453733465367,0.01099031717509602
2023-01-27,0.014253695460830846,0.011418096008283963,0.0022977953859733002
2023-01-30,-0.03370385833894285,-0.028630209239008653,-0.0125466717006818
2023-01-31,0.01653455447699422,0.015927431111275415,0.014703082098847853
2023-02-01,0.033267047934489646,0.025527289096994865,0.010627731348313407
2023-02-02,0.04017418891733726,0.040893919296703496,0.01455721575476554
2023-02-03,-0.009091207688772881,-0.005298847049014688,-0.010629123224835668
2023-02-06,-0.00818865779764651,-0.009722148986454805,-0.006111527008676898
2023-02-07,0.037556014537773276,0.03478699855511049,0.013078690508008473
2023-02-08,-0.006437144811169933,-0.008013195534232898,-0.010934649772500693
2023-02-09,-0.004209011279980375,-0.006239725074652869,-0.008669123729276085
2023-02-10,-0.015836125435464494,-0.009404953253567229,0.0023335087672395893
2023-02-13,0.02488140381431177,0.02493883420088863,0.011739013618119243
2023-02-14,0.017734553108078067,0.01042224885433858,-0.0004602282540410174
2023-02-15,-0.00103360578972204,0.0005619455197410473,0.00324744509078978
2023-02-16,-0.023508638809927963,-0.021515597126635668,-0.013768877902945786
2023-02-17,-0.01701836768990298,-0.014840715384972182,-0.002498138727568211
2023-02-21,-0.027279264628919865,-0.025880789805323,-0.020060865020575025
2023-02-22,0.0010326477204255131,0.00028052399909794806,-0.0013783167070298141
2023-02-23,0.05215546741777295,0.03454376803592796,0.0053195493478574996
2023-02-24,-0.01858773611019874,-0.01911054917799355,-0.010682455848828432
2023-02-27,0.00708408006562274,0.006654293229049913,0.003405942169356413
2023-02-28,-0.006177707055717481,-0.004987800426292166,-0.003696103868382705
2023-03-01,-0.01639586292670836,-0.01521258037456168,-0.0038358657027374177
2023-03-02,0.016973817292282496,0.0149407618968894,0.007777517070951756
2023-03-03,0.02548075242346289,0.025635704656346372,0.016037670530321124
2023-03-06,0.0035546453347989897,0.007078447952395317,0.0006926624604188802
2023-03-07,-0.01207021657653303,-0.01225924224005457,-0.015328792059369878
2023-03-08,0.014984233907673745,0.01031190430127027,0.0016321427380827647
2023-03-09,-0.01705447845449474,-0.014303524297347759,-0.01844971479843871
2023-03-10,-0.016253006928860374,-0.01548413556063426,-0.01442977601654849
2023-03-13,0.011583447106235933,0.013891464482983729,-0.0014250600839272876
2023-03-14,0.029637113169335223,0.026011269871424814,0.01653021995928672
2023-03-15,0.009103026779845017,0.009552206360230998,-0.006254471931951167
2023-03-16,0.0378079913299653,0.03453090072421587,0.01754511678761972
2023-03-17,0.004481503355217612,0.003936990330426804,-0.011692440824719319
2023-03-20,-0.0011600923878862435,-0.002752632339506134,0.009615441840974404
2023-03-21,0.00972739961754591,0.009363971279951856,0.01313050228293533
2023-03-22,-0.001426146701616375,-0.0037648794169780064,-0.0170464250305844
2023-03-23,0.018002497480491243,0.016139739021180776,0.0027034103432284073
2023-03-24,0.0012113292403093847,0.004484045941160453,0.006561991267768352
2023-03-27,-0.012162771408284477,-0.012743116583215676,0.0018699200839138452
2023-03-28,-0.004234013247624809,-0.004168660259855761,-0.0022447680017475546
2023-03-29,0.020236352059641506,0.019936770847398533,0.014534808490172857
2023-03-30,0.012431994776140652,0.011961093767399733,0.005855099168712075
2023-03-31,0.014998304865197523,0.015120274825608649,0.01409479884965803
2023-04-03,0.00358625530233921,0.0029498589839240365,0.003810638318031856
2023-04-04,-0.007244135147206824,-0.005031239390247278,-0.005548109248313615
2023-04-05,-0.014005064553061497,-0.012638978576373305,-0.0026182148960579577
2023-04-06,0.01227741121783891,0.01357222892724419,0.003900852753807138
2023-04-10,-0.001168290298434275,-0.005411265380773945,0.0010263587481640357
2023-04-11,-0.015041939064486476,-0.015077049203203829,0.0002685714436523323
2023-04-12,-0.008942422275220352,-0.005769377484204541,-0.004076145789860597
2023-04-13,0.018431738723076498,0.022359657870623776,0.01328277872583028
2023-04-14,-0.0012440927301263782,-0.003722435499484256,-0.0024426383693311182
2023-04-17,0.006178664921798748,0.0055906345981076916,0.0035880966491261823
2023-04-18,0.010214666990102131,0.007332019777304356,0.0006522692741461888
2023-04-19,0.005595812188532593,0.004806544984885175,-0.00016894828731650602
2023-04-20,-0.014522483955748991,-0.011505210071762374,-0.005456930714276775
2023-04-21,-0.0034835468511527443,-0.004290952033199025,0.0007768803975491956
2023-04-24,-0.004974594024631962,-0.005401638466686799,0.001043238353776843
2023-04-25,-0.020530721292301563,-0.018712744676899096,-0.015873907494272643
2023-04-26,0.033207087678457224,0.03439900828155649,-0.004235687369034347
2023-04-27,0.02347971727313728,0.026172380753686886,0.019907916861766406
2023-04-28,0.01157412641133293,0.010047038730075864,0.008535244010099197
2023-05-01,0.01192539980639377,0.005942625389726297,-0.0010096506951057238
2023-05-02,-0.010298534068033344,-0.007515627790427204,-0.0112390485122138
2023-05-03,-0.008079093176779314,-0.006802313965309726,-0.006864130368328669
2023-05-04,-0.00507592303344051,-0.004364647178306047,-0.007083005726655656
2023-05-05,0.03488244119273102,0.03374636455988278,0.018512684826661685
2023-05-08,0.0031936409139732276,0.0005478502543743605,0.00026629754867557587
2023-05-09,-0.011737860626750418,-0.010106131110582518,-0.004385113492976878
2023-05-10,0.012902627671135257,0.013285057550860424,0.004672290870939344
2023-05-11,-0.005525995682617986,-0.004505509021196863,-0.0017439511579696587
2023-05-12,-0.005807230314870959,-0.005303060154014161,-0.0013102676644470845
2023-05-15,0.00677281365763042,0.0038013555550518332,0.0034499132616412354
2023-05-16,0.0054492557106243416,0.0047430894180350075,-0.006682569775486535
2023-05-17,0.015362705956763515,0.011828598810933278,0.012139014269973991
2023-05-18,0.025922049611324455,0.021165438988756113,0.00963319478537783
2023-05-19,-0.004335258838593055,-0.002588506705980631,-0.0014552299506770394
2023-05-22,0.00020868261534863939,0.0008133562661222008,0.00040618676829140554
2023-05-23,-0.016413520834944666,-0.01656559542758114,-0.01122276880631623
2023-05-24,-0.0025760187433102226,-0.002113668674663849,-0.007244844509494142
2023-05-25,0.09628217828252375,0.06679933146023354,0.008659868892332279
2023-05-26,0.02030835293291422,0.01928316829109371,0.012950586796267372
2023-05-30,0.011841869373213482,0.008227569551733406,0.00038113941989137423
2023-05-31,-0.02185444952069948,-0.014871821394479335,-0.005545262868599576
2023-06-01,0.026650778427480683,0.021746745142021285,0.009500963351405156
2023-06-02,0.000705208981316504,0.003074060529870249,0.014461215207291822
2023-06-05,-0.0033093520494530404,-0.0031778496841679883,-0.0019162097000630096
2023-06-06,-0.007328585278987942,-0.006154632002284144,0.002177461877481246
2023-06-07,-0.023008523983357437,-0.02152996922735342,-0.0034577989932048636
2023-06-08,0.016299070121473875,0.014035170319074154,0.006048478317049355
2023-06-09,0.004538488283593341,0.00409584600309576,0.0017944840139776375
2023-06-12,0.01649573636994191,0.016121973412378532,0.009071722967656015
2023-06-13,0.014582042511713984,0.009697424745126915,0.00659288661308044
2023-06-14,0.020253473376297938,0.014675147080909046,0.0011909349144894055
2023-06-15,0.011698143501452374,0.015637915425975257,0.012397651683216271
2023-06-16,-0.007173892564585301,-0.008791493068724376,-0.003406037955477892
2023-06-20,0.004708486129897864,0.00042199886731957253,-0.005188364092129305
2023-06-21,-0.012124780103666391,-0.011066336314459125,-0.005123764779533357
2023-06-22,0.011499286588062835,0.013892075493251667,0.00360963713831719
2023-06-23,-0.01149428878432035,-0.010000013225943839,-0.007559854014810408
2023-06-26,-0.021359179448554144,-0.018158716694795185,-0.004085814610613303
2023-06-27,0.0212810576621348,0.019414056736937725,0.010963382020643841
2023-06-28,-0.002657056384073912,0.00043653071902376454,0.0005043104234006002
2023-06-29,-0.0025868412294853442,-0.0016692448359088231,0.003941568676099738
2023-06-30,0.025247868649276525,0.023046388044536983,0.011800622983583864
2023-07-03,-0.004216365032956415,-0.005584392380010962,0.0011503707012059383
2023-07-05,-0.0025537148420876252,-0.002611818492884965,-0.0014871681691336347
2023-07-06,0.0022262192627702238,0.0036828454112567415,-0.00783057389395525
2023-07-07,-0.002752865384191098,-0.00520350883400611,-0.002524663944324712
2023-07-10,-0.01147952353497587,-0.012255551519841567,0.002531054005112443
2023-07-11,0.0014841210841874581,0.0007141565582341248,0.0063683983344897666
2023-07-12,0.01950499330623434,0.016345494703992405,0.008046042268032405
2023-07-13,0.022504632780971107,0.01755267176741682,0.007936863607577394
2023-07-14,-0.0009107408267082416,0.0011169078682462532,-0.0006228861330327407
2023-07-17,0.013514028788941848,0.011853392285513431,0.0034722868528593853
2023-07-18,0.020230918586693826,0.01983039940279037,0.007430506489133792
2023-07-19,-0.0046584623872599025,-0.003834135518594173,0.0022237857265108296
2023-07-20,-0.02209745933583044,-0.019902281686816514,-0.006634425064858895
2023-07-21,-0.013900928771881094,-0.0113603621983442,0.0
2023-07-24,0.004985526340172648,0.004614949692417358,0.004467341192920804
2023-07-25,0.015146726955568141,0.013392602804537026,0.002729996484983177
2023-07-26,-0.012687355752428667,-0.014230917842447299,0.00015371107214923185
2023-07-27,-0.0058654913560892705,-0.00900991407418239,-0.006629909635952669
2023-07-28,0.01838594839666004,0.01835942049382564,0.009790334234380138
2023-07-31,-0.0015079624206845905,-0.0017197042294493817,0.0019038643482440776
2023-08-01,-0.0025921385510569994,-0.002160387501568706,-0.002861510278747814
2023-08-02,-0.029964857994181027,-0.026333497358154576,-0.013910872349277015
2023-08-03,-0.0014432483951622999,-0.0028432672421226713,-0.0028657297719991703
2023-08-04,-0.013628300761248583,-0.017095272729229727,-0.0045228861809475385
2023-08-07,0.0021166536322472598,-0.000759057029451249,0.008728563290733238
2023-08-08,-0.007855629515588047,-0.006110810468397454,-0.004348515771698147
2023-08-09,-0.022637427603772593,-0.01771657762542929,-0.00668545239093743
2023-08-10,-0.0009876281101798647,-0.00040502772429709124,0.0003590178941852429
2023-08-11,-0.01392468883592146,-0.009476384299434338,-0.0005830881422120848
2023-08-14,0.029921918961697266,0.021719566752987432,0.005520036654766303
2023-08-15,-0.004551337565472509,-0.0063164279343640665,-0.011648761418682319
2023-08-16,-0.0059065267470667085,-0.005021394728550743,-0.0073380858722768005
2023-08-17,-0.0096023249215067,-0.010869689864761868,-0.007620088188913798
2023-08-18,0.00017190379604281605,0.00041393380403074173,0.00048122845979881035
2023-08-21,0.03650426573874739,0.026862456647717404,0.006506376911215472
2023-08-22,-0.005983713398302393,-0.0016489281329737928,-0.0027085588903545954
2023-08-23,0.02257853314236572,0.020752793829837655,0.011137738958380217
2023-08-24,-0.015557175821325653,-0.018868089146179882,-0.01385900056035183
2023-08-25,-0.0007423864924456605,0.003964600293835851,0.00704965267251878
2023-08-28,0.009609700683668546,0.007980894094310909,0.0063414483828363455
2023-08-29,0.025991725964713108,0.02286722382156148,0.01445475939832308
2023-08-30,0.010056161510634487,0.010099542971041497,0.0041187998933380765
2023-08-31,-3.766466501127963e-05,-0.00041464002762858787,-0.0014633606725770187
2023-09-01,-0.001977346179543001,0.0010554297849911798,0.001865028620786191
2023-09-05,0.005649779712892562,0.006618936614718374,-0.004321634041740574
2023-09-06,-0.022783887122790742,-0.02123075370148757,-0.006722653523152711
2023-09-07,-0.018531788495404305,-0.018753320608335258,-0.003070160493406471
2023-09-08,0.000746503554916603,0.0037893437721329584,0.0015059837736284276
2023-09-11,0.0029853521849492934,0.005311564293879423,0.006576789540672756
2023-09-12,-0.014045237992950838,-0.01549079023168034,-0.005485640985070206
2023-09-13,0.00492741363719995,0.003171650017274308,0.0011659670580213
2023-09-14,0.006249512760785707,0.0070772807049377835,0.008622406978120223
2023-09-15,-0.022023427737487257,-0.019052191841903633,-0.012048317343959836
2023-09-18,0.00496802412047285,0.005660933121897527,0.0005864319287232078
2023-09-19,-0.0017364034629029725,-5.483513556772127e-05,-0.0020737576060904095
2023-09-20,-0.024467891620026605,-0.02347454119856176,-0.009193476844615134
2023-09-21,-0.013895283441206495,-0.0108882267075604,-0.016528217888828522
2023-09-22,0.003838412219042982,0.0017146094050713323,-0.0022486477088833334
2023-09-25,0.007920143172271224,0.006562560136609452,0.004205136441423507
2023-09-26,-0.01592339932172045,-0.017634877002972858,-0.014691180814785931
2023-09-27,0.0021581998045751005,-6.816809826797317e-05,0.0003991290167313366
2023-09-28,0.006288809799642303,0.004621985726453426,0.005797397590904252
2023-09-29,0.006429635528562534,0.005812558595954887,-0.002426869793198172
2023-10-02,0.02116373132129823,0.019497446266431417,-0.00039770897184476794
2023-10-03,-0.020717382478805463,-0.0192112283459857,-0.01338609666119528
2023-10-04,0.012374474775230274,0.012441074346199255,0.007282211625213364
2023-10-05,0.007714200569741406,0.006318893039210583,-0.0003769354737163111
2023-10-06,0.02117376019333402,0.020601842325184895,0.01187277664751174
2023-10-09,0.001862581325670298,0.004372246602287344,0.006402197793960784
2023-10-10,0.0013027699302195677,-0.000755916775868659,0.005204766400337402
2023-10-11,0.0140619307829819,0.012472362688859342,0.004096257027888406
2023-10-12,0.0014135832860783977,0.001102345343236477,-0.006096241116732126
2023-10-13,-0.01742059980217362,-0.014582416595782455,-0.00498102028263947
2023-10-16,0.009400383765901132,0.008491236653900149,0.010521496140540432
2023-10-17,-0.01910783390010647,-0.01357044719788727,-4.589630894502594e-05
2023-10-18,-0.01763802646907564,-0.01323625068747174,-0.013325091889134666
2023-10-19,-0.00024888141417522814,0.00015156211891116384,-0.008786597923318484
2023-10-20,-0.015232725227816341,-0.01488739619959132,-0.012287758232310986
2023-10-23,0.015725236306228352,0.011196367117329409,-0.0017333043549946359
2023-10-24,0.007409007407234528,0.005688969366796349,0.007539317059869877
2023-10-25,-0.008654201774807874,-0.0017553204544383577,-0.014352118612905196
2023-10-26,-0.0322993217756116,-0.03180355609264294,-0.011974463529322632
2023-10-27,0.006046515514106732,0.0063928920379990204,-0.004532967190618575
2023-10-30,0.017122228043417637,0.01728246671774456,0.011955874177317805
2023-10-31,-0.001355244891029746,0.00022497543249979645,0.006280091487921302
2023-11-01,0.02672253285987162,0.024489744457231757,0.010664921371915215
2023-11-02,0.018366008838678782,0.01645861373353821,0.019164265161966787
2023-11-03,0.014045193277393248,0.009963213274451023,0.00912352756858259
2023-11-06,0.01391785657264477,0.013386262569216757,0.002300344637781837
2023-11-07,0.010043020845436512,0.011159821085083222,0.0028461184794985606
2023-11-08,0.008920144253799167,0.008010216584830277,0.0007323394361860025
2023-11-09,-0.00048742933962431234,-0.002199539818241015,-0.007798757139632295
2023-11-10,0.025872131810639333,0.025146687569033026,0.015604934498928635
2023-11-13,-0.0035918677919470894,-0.005489496479719147,-0.0009532525822033566
2023-11-14,0.015128058493914262,0.01389205655861483,0.0194007709739088
2023-11-15,-0.0040064817264217805,-0.0017145067461347586,0.0021170859089065797
2023-11-16,0.012911597337014783,0.013072027397029552,0.001222951533367933
2023-11-17,-0.0068615264861567144,-0.0074981867368732365,0.0012439630842404625
2023-11-20,0.01744543549001006,0.016427282089596363,0.0076975551059770275
2023-11-21,-0.008344498031144823,-0.008168473271903443,-0.002179493691767731
2023-11-22,-0.0027533830051424957,0.0016134121866735462,0.0038608339289862847
2023-11-24,-0.009137186248790858,-0.00710552978055945,0.0006154686302466406
2023-11-27,0.003977567938502975,0.0028223054562801055,-0.0018009687252493745
2023-11-28,0.0017633013874872225,0.0038613426235562186,0.0009900036303838178
2023-11-29,-0.002932945771086863,-0.0048536892947441245,-0.0007033633563164887
2023-11-30,-0.00841256804297589,-0.0044033421198393045,0.0039373577806038895
2023-12-01,-0.0016425426519227257,-0.001949674520375999,0.0059159332584075575
2023-12-04,-0.016879971311165882,-0.014888705747194543,-0.005249346358470519
2023-12-05,0.01783773566341873,0.01674654992676694,-0.00019691816505451598
2023-12-06,-0.012833571168336166,-0.010834700480648319,-0.004029909250478192
2023-12-07,0.013329758037037657,0.011191647420775474,0.007630495522356506
2023-12-08,0.01192806146937575,0.0104077384241144,0.004298971503771343
2023-12-11,-0.013086584890257972,-0.012003312164049774,0.003889599760205309
2023-12-12,0.012768571297026835,0.01090423174249433,0.00456728078917501
2023-12-13,0.008569463168952463,0.00847459086889333,0.013790063422416399
2023-12-14,-0.005446192891636576,-0.0076250866358009714,0.003209432476292795
2023-12-15,0.007186747455522502,0.006390377885087118,-0.0016465287174175502
2023-12-18,0.006984905203886356,0.003526084695749665,0.005625087750699143
2023-12-19,-0.0008162036604660121,0.0009096600269530743,0.0060808128834979325
2023-12-20,-0.015961667806453472,-0.01313431833686618,-0.013857197336850313
2023-12-21,0.008459619822963208,0.006497473227425843,0.00948181162301398
2023-12-22,-0.002009705509718055,-0.0017584305483189012,0.0020098630938722994
2023-12-26,0.0021893326576455374,0.0007881626994187486,0.00422240172785604
2023-12-27,0.0005811982870644513,0.00013732568007531756,0.001808101093975223
2023-12-28,0.0025284906008257537,0.002609253605760431,0.0003776462701394756
2023-12-29,-0.0011329970687513624,-0.001359596482501635,-0.002894920550440494
2024-01-02,-0.02562549114831484,-0.02528230015101565,-0.005596317714220755
2024-01-03,-0.006883707548248519,-0.005773330718778213,-0.008166680634763557
2024-01-04,-0.0036197310251915673,-0.006147385226227886,-0.003221075305737564
2024-01-05,0.006122389876886328,0.002767511841071624,0.0013696686415112236
2024-01-08,0.03577576186454741,0.030074740095699593,0.014275850257934763
2024-01-09,0.0058825665575559976,0.0036640617954290192,-0.0015169956372050875
2024-01-10,0.015671782410573504,0.014252136786344849,0.0056553985717209265
2024-01-11,0.003440451967519409,0.00239165776487722,-0.000440739008687574
2024-01-12,0.003239585682914825,0.004296069588852181,0.0006927161190473097
2024-01-16,0.0076257950963997114,0.003038755366995272,-0.003671109529425509
2024-01-17,-0.00435277986927555,-0.004056328466068871,-0.005558761253140365
2024-01-18,0.020890541520111938,0.02130793091485992,0.008892944647898027
2024-01-19,0.02315532911290785,0.019437161921113336,0.012466148799797905
2024-01-22,0.0031617712728982577,0.0032461519172641393,0.0021143216898256156
2024-01-23,0.005450646103932014,0.005806524219142562,0.0029163484588685673
2024-01-24,0.010186808307405926,0.007250332407055283,0.0010931981225781318
2024-01-25,0.0027325247704635585,0.0024478604339890353,0.0054389070526188465
2024-01-26,-0.006948353731696518,-0.006435900366260917,-0.001270334286663788
2024-01-29,0.011414793666520429,0.008998481787425574,0.007919308311993944
2024-01-30,-0.005685560426052208,-0.00781202939074892,-0.0007734281669150578
2024-01-31,-0.022056327877605288,-0.022494617622236146,-0.016317261592246002
2024-02-01,0.01777151785104869,0.0164499171222372,0.013088179485211349
2024-02-02,0.020909945296910704,0.015150137816049992,0.010527360256687768
2024-02-05,0.014748559367950942,0.008109412765820778,-0.003641195932157837
2024-02-06,-0.0025859967246311118,9.590527798040149e-05,0.0029033178002926263
2024-02-07,0.016396468585546886,0.014176145946016839,0.008340368497273154
2024-02-08,-0.0040478468485007175,-0.0035506811848145196,0.00044181361966222354
2024-02-09,0.0184763744776281,0.015014898926013221,0.005779335219044279
2024-02-12,-0.00666226020617681,-0.008313513905799574,-0.0004390181849750485
2024-02-13,-0.011487882508109837,-0.013453306514943697,-0.013772989470670738
2024-02-14,0.009807674732209892,0.006855690948284288,0.009087730494851787
2024-02-15,-0.008512145870483729,-0.006853226856544792,0.0068997297830211135
2024-02-16,-0.005066392929310769,-0.0059557777545460105,-0.004980161143195105
2024-02-20,-0.016929668293697388,-0.011609201764575895,-0.005505319085328586
2024-02-21,-0.008612466470766559,-0.004633160250203283,0.0009058827445729278
2024-02-22,0.06626650830249173,0.04671801277182626,0.020695425164566572
2024-02-23,-0.0032213558778652796,-0.004576087648060546,0.0006895960448953797
2024-02-26,-0.0035951980371804835,-0.005012040245220995,-0.003662455592811087
2024-02-27,0.0010078234183828654,0.002198105919157278,0.0018577482984671878
2024-02-28,-0.006408621541220978,-0.005052501015231692,-0.0013217028608305537
2024-02-29,0.009828173613053732,0.00806226866911124,0.0035950303728897737
2024-03-01,0.012832614422001638,0.007392776549873848,0.009388268828250945
2024-03-04,0.0030579580692432122,-0.003520600779438921,-0.0010724602446435805
2024-03-05,-0.01647884341558196,-0.021489926166752094,-0.009994008148525246
2024-03-06,0.008186076403856452,0.0034578451420440807,0.005067066965680045
2024-03-07,0.02052342844236358,0.015678848052819074,0.009926514485438576
2024-03-08,-0.01745912581702047,-0.00985554803544857,-0.0060022091803608735
2024-03-11,-0.0041308927110162985,-0.0009492306231331237,-0.0008599242023230591
2024-03-12,0.033649933352114525,0.026065577408000265,0.010757535239920735
2024-03-13,-0.0079025500671042,-0.007252685244611846,-0.0015675902540027709
2024-03-14,0.0009717644951095691,0.007644414428883061,-0.001976761069401922
2024-03-15,-0.008036113002091283,-0.0094000072107703,-0.00686664601516096
2024-03-18,0.005189842468318995,0.0048206515427042795,0.00594315559991454
2024-03-19,0.011348878664708906,0.011486486163929888,0.0055572112941100205
2024-03-20,0.011556314189909175,0.011688567691233631,0.009249341579144144
2024-03-21,-0.006453159034492505,-0.010096241124385764,0.0033044304308915695
2024-03-22,0.011685582607816342,0.007779983043446493,-0.0018956936377589884
2024-03-25,-0.004817754624579784,-0.007293678842254005,-0.002762773618825154
2024-03-26,-0.011742705520420671,-0.00895240809301423,-0.0018469718880519403
2024-03-27,-0.0014255043010673967,0.003282856674076929,0.008403804513425595
2024-03-28,-0.003689771896715118,-0.004662635576425567,-0.00019103899513850386
2024-04-01,0.0002576127453103318,0.00029363965772208887,-0.0017399314476955752
2024-04-02,-0.008150863907984992,-0.007764696318092735,-0.006357896508423777
2024-04-03,-0.0010023636160796008,-0.00011179337484379387,0.001098353997264434
2024-04-04,-0.015129913430775521,-0.011278916882191915,-0.012205970510388742
2024-04-05,0.015755152877472273,0.014010027767276112,0.010446734421189596
2024-04-08,-0.006263901010151321,-0.005528171679040095,0.0005594955677432623
2024-04-09,-0.003064773745149166,0.0004056798766555404,0.0011567922331425784
2024-04-10,0.0005059714439526651,-0.00334111882396928,-0.010013284782391274
2024-04-11,0.03180013405333019,0.029940885352584348,0.007546924360555707
2024-04-12,-0.010760212948908127,-0.00754899302578671,-0.013803149534362014
2024-04-15,-0.022072999450543564,-0.02153212236862725,-0.012528045539618837
2024-04-16,-0.00015093023123565356,-0.003469492695612653,-0.0018237876332101166
2024-04-17,-0.017807634993676137,-0.013635936231592006,-0.005918300011035549
2024-04-18,-0.005508948268832081,-0.008124378641692864,-0.0020577059283769517
2024-04-19,-0.04166586408884339,-0.029989839180318903,-0.008728335232320639
2024-04-22,0.017748108914973137,0.012589081835877236,0.009209134257071705
2024-04-23,0.019803192354196066,0.016457297104974747,0.011866637582815809
2024-04-24,-0.005652515287914328,-0.00011984737666499454,-0.0004746523967652516
2024-04-25,0.005913047295585468,-0.00032177746162940254,-0.003798898367841641
2024-04-26,0.025508986320481337,0.018259599274357274,0.009473954297642972
2024-04-29,0.005013945448625804,0.005966611447573378,0.003541427118913587
2024-04-30,-0.021943466561491338,-0.023244100497772858,-0.015841104276271056
2024-05-01,-0.010179220325599665,-0.004435099540539756,-0.0032473372515072763
2024-05-02,0.020934753686008795,0.018435837003386447,0.009353450838071709
2024-05-03,0.03887256018336778,0.03972070608247371,0.012395271255430496
2024-05-06,0.015184253589000624,0.01067286325592356,0.010327041998868802
2024-05-07,-0.007857338912841164,-0.005986220607739835,0.0011033019458035476
2024-05-08,0.0010758919034909256,0.0016046772196979032,9.666357929050129e-05
2024-05-09,-0.0013552983595901034,0.0020568169038321705,0.005761804451573038
2024-05-10,0.003907703644640548,0.0021404142730988784,0.0012883495316440285
2024-05-13,0.00699427138699212,0.007233768520792383,0.00013400657950035644
2024-05-14,0.007874829794517552,0.007332519310947339,0.004588343266460848
2024-05-15,0.02184662235966628,0.019048372538888626,0.012383006461730295
2024-05-16,-0.002390442484462333,-0.002295776374778136,-0.002057639461244154
2024-05-17,-0.007206242566707913,-0.00466270451211237,0.0014376621237919274
2024-05-20,0.014417252431628464,0.012324432578658185,0.0011519355654836527
2024-05-21,0.007316548799177832,0.007501114557460032,0.002452821732412014
2024-05-22,-0.002886549348773822,-0.0025496576378011503,-0.002879396021646441
2024-05-23,0.02132074811701079,0.006945555433647544,-0.007304161171391543
2024-05-24,0.016570474519459772,0.014740036825599568,0.006616393611422522
2024-05-28,0.023409705071600596,0.014130779822067964,0.000698751458297453
2024-05-29,0.0023395383721145726,0.0011850154697619964,-0.0070027480965160205
2024-05-30,-0.022065621516172713,-0.018945583466396233,-0.006633341300094409
2024-05-31,-0.000572811229378726,0.0008818832846567038,0.009107972132277542
2024-06-03,0.01811161564992325,0.011943079363604303,0.0008154781339302364
2024-06-04,0.006770482552788263,0.005625449820981832,0.001117889678908135
2024-06-05,0.026153356254836686,0.02107285866897506,0.011885059841088896
2024-06-06,-0.0058903599242181946,-0.004712984127739972,-1.8991947297153366e-05
2024-06-07,0.003301571285119912,0.0041437191931555485,-0.0012152732389353327
2024-06-10,-0.0007339852021129856,-0.0023730637489203232,0.0030896531130173432
2024-06-11,0.025582343217952386,0.03212758042185729,0.002408338672260202
2024-06-12,0.02780900892251973,0.02627465709302217,0.00821287495450207
2024-06-13,0.01396461684614832,0.009712791353585937,0.002013394066687768
2024-06-14,0.0038625594002975605,0.0011322534036795062,0.0006087323979793169
2024-06-17,0.008650734930541654,0.01174577424183676,0.007958595348801722
2024-06-18,0.006535963968115695,0.0008191724820957092,0.0025408350120808
2024-06-20,-0.019450065636062885,-0.01625939223733346,-0.002716558424119553
2024-06-21,-0.01116065409429449,-0.006954469652413109,-0.0013407223559952497
2024-06-24,-0.022799581445785606,-0.013991405523165069,-0.0032506251621496896
2024-06-25,0.02645308941430683,0.018230846226059194,0.0038509844461762643
2024-06-26,0.00837829188870165,0.009562255733064795,0.001248041585025339
2024-06-27,-0.004518179847913324,-0.0016085093713194885,0.0015765761896335828
2024-06-28,-0.010970676027190002,-0.012438962760707661,-0.003935293451698185
2024-07-01,0.019046062817957028,0.021624889862319474,0.0020581387752909297
2024-07-02,0.002903116915525805,0.006106441852022515,0.006729662300142714
2024-07-03,0.018262560365833957,0.012768593884265524,0.004462634526017029
2024-07-05,0.005752634884571154,0.010722907643866297,0.005766484349109424
2024-07-08,0.007516863031235961,0.00525325453038823,0.001153984236467176
2024-07-09,0.004736552811262432,0.0007228663266412027,0.0009722846551516451
2024-07-10,0.02009121420984535,0.018735741609941316,0.009895619987329018
2024-07-11,-0.034553154090386284,-0.030330447579773434,-0.008622786297442286
2024-07-12,0.008321408840478087,0.007097146268117616,0.0063076263231880425
2024-07-15,0.003819058331583876,0.0058209115346388625,0.0027499528880754465
2024-07-16,-0.008060952124100518,-0.006434301348633898,0.005930115520199175
2024-07-17,-0.03496099109227502,-0.028705307014958107,-0.014020906922318166
2024-07-18,-0.0004545799303867786,-0.005800184209061899,-0.0076850899114235816
2024-07-19,-0.010973084716426884,-0.007948455255505516,-0.006640528727991368
2024-07-22,0.019782688680622273,0.01422510740368508,0.010310082054099778
2024-07-23,0.00043685449268748844,0.002062194918609328,-0.0015688447064530209
2024-07-24,-0.04421363603063744,-0.03945001686747034,-0.022662536981121972
2024-07-25,-0.015509550963001328,-0.015162895829330926,-0.00521030965752034
2024-07-26,0.008509249926961818,0.008821701600407295,0.011199902707423659
2024-07-29,-0.002761389840870561,-0.0007132623642531311,0.0005875723850159442
2024-07-30,-0.025599599515950994,-0.01663224413784219,-0.005066441562850521
2024-07-31,0.04410194907205629,0.027298129292138065,0.016254617127424487
2024-08-01,-0.028818477001281186,-0.021234024452689914,-0.014160871465467961
2024-08-02,-0.01052018092758004,-0.0090714183859693,-0.01861848648683473
2024-08-05,-0.04813383546117307,-0.045045039435592134,-0.029123520363179334
2024-08-06,0.013122772791503163,0.008181374184693224,0.009219304790089478
2024-08-07,-0.013892565529076509,-0.0064264703651884195,-0.00668386608718885
2024-08-08,0.029530993553302576,0.02318363246274857,0.023117240661508554
2024-08-09,0.006636520149584083,0.008382971343807322,0.004409810872533448
2024-08-12,0.016613204904853074,0.01178309404737381,0.000525405070076923
2024-08-13,0.03340017366116377,0.02701841380085708,0.01644549418204444
2024-08-14,0.008540554117695645,0.00690785940101053,0.0031547803065354874
2024-08-15,0.02194510009899623,0.018237916730570847,0.017140394874048726
2024-08-16,0.004612693925835927,0.0027352836906413104,0.002242106366691976
2024-08-19,0.01670352637236694,0.011342998963724593,0.009561316311441415
2024-08-20,-0.003550583837815146,-2.9941820140910622e-05,-0.0016261720245489553
2024-08-21,0.0025946864908833835,0.0011489922022233758,0.003436683213204228
2024-08-22,-0.021851796696881788,-0.018813585208169625,-0.007848623999934023
2024-08-23,0.019590246001175572,0.014408570958303191,0.010625498252766485
2024-08-26,-0.009637532848249234,-0.0070663135126679995,-0.0023840298785666736
2024-08-27,0.0063794452563293485,0.00474529453865511,0.0013730708321384455
2024-08-28,-0.011849732862672472,-0.010026353238348442,-0.005805185814678704
2024-08-29,-0.014380300662000503,-0.004486672760273414,8.941711011511977e-05
2024-08-30,0.007143438544326234,0.005544635048377967,0.00954607361380333
2024-09-03,-0.046971459962444374,-0.03731573249310405,-0.020579029118164005
2024-09-04,-0.008837184714886629,-0.007289804297036429,-0.00204671790647859
2024-09-05,0.0050318598880685714,0.004155189036549123,-0.00243218058308603
2024-09-06,-0.0214168405025044,-0.01752933811625648,-0.016829976606780428
2024-09-09,0.015270986921158467,0.011245523292849625,0.01119613529251251
2024-09-10,0.010863061110613895,0.009973818314535388,0.0043555718181662595
2024-09-11,0.03814210526196349,0.029470761426899597,0.010258963429025103
2024-09-12,0.009672165533852676,0.007774266489569382,0.008423348039961365
2024-09-13,0.002286512793912824,0.002810979912794465,0.005222782664183523
2024-09-16,-0.01517092024371706,-0.014309226368742746,0.0014767043578509664
2024-09-17,0.00027186378065417266,0.0023642523125231743,0.00040873357753001827
2024-09-18,-0.003729892794448131,-0.0006347070651151696,-0.002965935955357324
2024-09-19,0.03168323549667962,0.030081271944545664,0.017064380731744544
2024-09-20,-0.008862786174942738,-0.00746234653737976,-0.0017286028901163375
2024-09-23,-0.003127677370293587,-0.004201494605499123,0.002499014282571377
2024-09-24,0.011205108804633582,0.005515619874454992,0.0028610494997864944
2024-09-25,0.00809800511361151,0.005349267039192496,-0.0022054652318131973
2024-09-26,0.00250660245699071,0.0021497025983744146,0.003964690943036642
2024-09-27,-0.00924162265699809,-0.006833246545064742,-0.0014503990937563271
2024-09-30,0.009509512013699132,0.01134551278774345,0.004007307218167
2024-10-01,-0.029345422342592183,-0.027902250899520344,-0.008958496969196927
2024-10-02,0.003289859763112764,0.0007854372303880641,0.000422292856316675
2024-10-03,0.009115562106918995,0.00420750148313589,-0.0018281777865668536
2024-10-04,0.006901634851858832,0.004911995371867795,0.009087204273414695
2024-10-07,-0.0052624954848623125,-0.01079786309700821,-0.009040375451706217
2024-10-08,0.02383576323890213,0.020507081869557544,0.009457441677007017
2024-10-09,0.007174516643394116,0.008970618625352134,0.006926375029708831
2024-10-10,0.003408269945066489,0.0008332314895177716,-0.0017499291458934474
2024-10-11,-0.0018084933490378763,-0.0021553639782043725,0.005988234357958255
2024-10-14,0.015837266278224533,0.014153073856444731,0.008178347889252757
2024-10-15,-0.01226340018693343,-0.005343988539611377,-0.007769709751462295
2024-10-16,0.0053993928915990015,0.0002178748184875623,0.00434652191224183
2024-10-17,0.003984614259839573,0.0029984507249598115,8.579045798295937e-05
2024-10-18,0.00784877343920883,0.007855666095077707,0.003846548369420555
2024-10-21,0.01638581039983037,0.011387605167859461,-0.0016420669180361447
2024-10-22,0.005796555436165381,0.0071228684203545455,-0.0005313930673642719
2024-10-23,-0.018832025780348594,-0.016985206751653336,-0.009137259973135414
2024-10-24,0.0018578173512451648,0.001011260017962412,0.002162586827586299
2024-10-25,0.006581006494234505,0.006287639022111469,-0.00034540486784284674
2024-10-28,-0.0007501720905877343,0.0005410512408543509,0.0030916456720186947
2024-10-29,0.006305490696643619,0.006527626723558866,0.001618272212904115
2024-10-30,-0.009152435549203492,-0.008278508126121454,-0.0030253162524023214
2024-10-31,-0.041986539561979806,-0.040939326254836296,-0.01960308836489222
2024-11-01,0.005499597624522197,0.00262244155611957,0.004220588805548209
2024-11-04,-0.0012971357364581029,-0.002516705009977027,-0.0021541107650125957
2024-11-05,0.014067577925411134,0.011206716107803726,0.012092034841011623
2024-11-06,0.019555611818288056,0.015318604400934844,0.02486548513056608
2024-11-07,0.01877454545379731,0.01803801364590756,0.00773216736757254
2024-11-08,-0.0054591798386616945,-0.004871753733214179,0.0043317116431220715
2024-11-11,-0.012934273645233732,-0.012310419122588146,0.0009528857307679051
2024-11-12,0.010956022364135249,0.008975423788284377,-0.0031063360412690866
2024-11-13,-0.0015076135060113995,0.0009152311902450806,0.0004857686482722112
2024-11-14,0.007031644205720037,0.007767990458846796,-0.006430102156933848
2024-11-15,-0.02484398612731801,-0.023298753497496997,-0.012808639480448747
2024-11-18,0.000788129480081334,0.0035235883034871133,0.004097409691839804
2024-11-19,0.018323507864320094,0.012198665964280675,0.003655368297286854
2024-11-20,-0.0033232383108795873,-0.0024641761681889474,0.00033882773833160407
2024-11-21,-0.0003553704411649964,-0.0014957573221933364,0.005368247246335223
2024-11-22,-0.0054235467001248665,-7.202535964714302e-05,0.0030996042973512328
2024-11-25,-0.008143941595179949,-0.001417679346416922,0.0033917909183220907
2024-11-26,0.01266307095087956,0.013872358961039088,0.0052215902593417685
2024-11-27,-0.007925101746933394,-0.0072021902408733185,-0.0030298809918496428
2024-11-29,0.010942843707911393,0.008831091439679107,0.00621194507525491
2024-12-02,0.01000985011592396,0.011462131860537551,0.0017923273750353186
2024-12-03,0.008346755832056907,0.007664501936183,0.0004640486630920204
2024-12-04,0.01690029752897093,0.013321867585457392,0.006209406195234468
2024-12-05,0.0038430384762092222,0.004708097123877897,-0.0016457394823613525
2024-12-06,-0.005579325389167796,-0.00308289757183966,0.0018956945975732165
2024-12-09,-0.0012866699703448406,0.0035528807458225183,-0.005149673070058869
2024-12-10,-0.009613598610443936,-0.006147660277684608,-0.003108991042220177
2024-12-11,0.0129973905936173,0.009318648507599071,0.007730532876877971
2024-12-12,-0.0023026498666726125,6.505844555138031e-05,-0.0051524350916021255
2024-12-13,-0.008969065452100078,-0.006263102136036758,-0.00019872121660258202
2024-12-16,0.0015421848578255342,0.005202574974533092,0.00426995333865432
2024-12-17,0.0012926792903511872,0.003990595035849443,-0.004119991479773488
2024-12-18,-0.023444485276149136,-0.025863261138236893,-0.02980356423151731
2024-12-19,0.006640638511765661,0.005222705360695201,-0.00030715278189474837
2024-12-20,0.016198052921770713,0.013285201549579595,0.012011121262937685
2024-12-23,0.012289945787773277,0.007368577170997482,0.005988208830145503
2024-12-24,0.00826321058791546,0.009128261081121457,0.011115203224585368
2024-12-26,-0.0005564074566743276,-0.000254055365417516,6.648854481872135e-05
2024-12-27,-0.01713718035993017,-0.01639107371049795,-0.010526377731204462
2024-12-30,-0.007666492092578931,-0.009900461156184637,-0.011411792655248942
